vehicle_id,model,production_year,production_line,factory,fuel_type
1,City Hatchback,2021,F1-L2,Factory 1,Petrol
2,Compact SUV,2021,F3-L1,Factory 3,Diesel
3,Compact SUV,2021,F3-L1,Factory 3,Hybrid
4,City Hatchback,2021,F1-L1,Factory 1,Petrol
5,Pickup Truck,2021,F3-L2,Factory 3,Petrol
6,Compact SUV,2021,F2-L2,Factory 2,Diesel
7,Family SUV,2021,F3-L1,Factory 3,Hybrid
8,Compact SUV,2021,F3-L1,Factory 3,Petrol
9,Compact SUV,2021,F2-L2,Factory 2,Hybrid
10,Compact Sedan,2021,F2-L1,Factory 2,Diesel
11,Compact SUV,2021,F2-L2,Factory 2,Petrol
12,Compact Sedan,2021,F2-L2,Factory 2,Petrol
13,City Hatchback,2021,F1-L2,Factory 1,Petrol
14,Pickup Truck,2021,F3-L2,Factory 3,Diesel
15,Compact Sedan,2021,F2-L1,Factory 2,Petrol
16,Compact SUV,2021,F2-L2,Factory 2,Petrol
17,Compact Sedan,2021,F2-L1,Factory 2,Diesel
18,Compact Sedan,2021,F2-L2,Factory 2,Diesel
19,Pickup Truck,2021,F3-L2,Factory 3,Diesel
20,City Hatchback,2021,F1-L1,Factory 1,Petrol
21,Compact SUV,2021,F2-L2,Factory 2,Diesel
22,Compact SUV,2021,F2-L2,Factory 2,Petrol
23,Compact Sedan,2021,F2-L1,Factory 2,Petrol
24,City Hatchback,2021,F1-L2,Factory 1,Petrol
25,Compact SUV,2021,F2-L2,Factory 2,Diesel
26,Compact Sedan,2021,F2-L1,Factory 2,Hybrid
27,City Hatchback,2021,F1-L2,Factory 1,Petrol
28,City Hatchback,2021,F1-L2,Factory 1,Petrol
29,Compact Sedan,2021,F2-L2,Factory 2,Hybrid
30,Compact Sedan,2021,F2-L2,Factory 2,Diesel
31,City Hatchback,2021,F1-L2,Factory 1,Diesel
32,Compact Sedan,2021,F2-L1,Factory 2,Petrol
33,City Hatchback,2021,F1-L1,Factory 1,Hybrid
34,City Hatchback,2021,F1-L1,Factory 1,Diesel
35,Compact SUV,2021,F2-L2,Factory 2,Petrol
36,Pickup Truck,2021,F3-L2,Factory 3,Diesel
37,Family SUV,2021,F3-L1,Factory 3,Diesel
38,Family SUV,2021,F3-L2,Factory 3,Diesel
39,Family SUV,2021,F3-L2,Factory 3,Diesel
40,Compact Sedan,2021,F2-L2,Factory 2,Petrol
41,Pickup Truck,2021,F3-L2,Factory 3,Diesel
42,Compact Sedan,2021,F2-L1,Factory 2,Diesel
43,City Hatchback,2021,F1-L2,Factory 1,Petrol
44,City Hatchback,2021,F1-L1,Factory 1,Petrol
45,Family SUV,2021,F3-L1,Factory 3,Diesel
46,Compact SUV,2021,F3-L1,Factory 3,Petrol
47,Compact SUV,2021,F2-L2,Factory 2,Diesel
48,Family SUV,2021,F3-L2,Factory 3,Petrol
49,Pickup Truck,2021,F3-L2,Factory 3,Diesel
50,Compact Sedan,2021,F2-L1,Factory 2,Petrol
51,Compact Sedan,2021,F2-L2,Factory 2,Petrol
52,Compact SUV,2021,F2-L2,Factory 2,Hybrid
53,Compact Sedan,2021,F2-L1,Factory 2,Diesel
54,Family SUV,2021,F3-L1,Factory 3,Diesel
55,City Hatchback,2021,F1-L1,Factory 1,Petrol
56,City Hatchback,2021,F1-L1,Factory 1,Petrol
57,Family SUV,2021,F3-L1,Factory 3,Hybrid
58,Compact SUV,2021,F3-L1,Factory 3,Petrol
59,City Hatchback,2021,F1-L1,Factory 1,Petrol
60,Compact Sedan,2021,F2-L2,Factory 2,Diesel
61,Compact SUV,2021,F3-L1,Factory 3,Hybrid
62,City Hatchback,2021,F1-L2,Factory 1,Petrol
63,Compact Sedan,2021,F2-L1,Factory 2,Diesel
64,Family SUV,2021,F3-L2,Factory 3,Diesel
65,Family SUV,2021,F3-L2,Factory 3,Diesel
66,Family SUV,2021,F3-L2,Factory 3,Hybrid
67,Compact SUV,2021,F3-L1,Factory 3,Petrol
68,Compact SUV,2021,F3-L1,Factory 3,Hybrid
69,City Hatchback,2021,F1-L2,Factory 1,Petrol
70,Compact SUV,2021,F3-L1,Factory 3,Diesel
71,Compact Sedan,2021,F2-L1,Factory 2,Diesel
72,City Hatchback,2021,F1-L1,Factory 1,Petrol
73,Family SUV,2021,F3-L2,Factory 3,Diesel
74,City Hatchback,2021,F1-L2,Factory 1,Petrol
75,Compact SUV,2021,F2-L2,Factory 2,Petrol
76,Compact SUV,2021,F2-L2,Factory 2,Hybrid
77,Compact Sedan,2021,F2-L1,Factory 2,Diesel
78,Family SUV,2021,F3-L2,Factory 3,Hybrid
79,City Hatchback,2021,F1-L1,Factory 1,Hybrid
80,City Hatchback,2021,F1-L1,Factory 1,Petrol
81,Compact Sedan,2021,F2-L1,Factory 2,Petrol
82,Family SUV,2021,F3-L2,Factory 3,Diesel
83,City Hatchback,2021,F1-L2,Factory 1,Diesel
84,City Hatchback,2021,F1-L2,Factory 1,Petrol
85,Compact Sedan,2021,F2-L2,Factory 2,Diesel
86,Compact SUV,2021,F3-L1,Factory 3,Diesel
87,City Hatchback,2021,F1-L2,Factory 1,Petrol
88,City Hatchback,2021,F1-L1,Factory 1,Petrol
89,City Hatchback,2021,F1-L1,Factory 1,Diesel
90,City Hatchback,2021,F1-L1,Factory 1,Diesel
91,Compact SUV,2021,F3-L1,Factory 3,Petrol
92,Compact SUV,2021,F3-L1,Factory 3,Petrol
93,Compact Sedan,2021,F2-L1,Factory 2,Petrol
94,Compact Sedan,2021,F2-L1,Factory 2,Hybrid
95,City Hatchback,2021,F1-L2,Factory 1,Petrol
96,Compact SUV,2021,F2-L2,Factory 2,Petrol
97,Compact Sedan,2021,F2-L1,Factory 2,Diesel
98,Compact SUV,2021,F3-L1,Factory 3,Petrol
99,Compact SUV,2021,F2-L2,Factory 2,Petrol
100,City Hatchback,2021,F1-L1,Factory 1,Petrol
101,City Hatchback,2021,F1-L2,Factory 1,Petrol
102,Pickup Truck,2021,F3-L2,Factory 3,Petrol
103,Compact SUV,2021,F3-L1,Factory 3,Petrol
104,Compact Sedan,2021,F2-L1,Factory 2,Petrol
105,City Hatchback,2021,F1-L1,Factory 1,Diesel
106,Compact SUV,2021,F2-L2,Factory 2,Diesel
107,Compact SUV,2021,F3-L1,Factory 3,Petrol
108,Family SUV,2021,F3-L1,Factory 3,Diesel
109,Compact SUV,2021,F3-L1,Factory 3,Petrol
110,Compact SUV,2021,F2-L2,Factory 2,Diesel
111,Compact SUV,2021,F3-L1,Factory 3,Diesel
112,Compact Sedan,2021,F2-L1,Factory 2,Petrol
113,Family SUV,2021,F3-L1,Factory 3,Petrol
114,Compact Sedan,2021,F2-L1,Factory 2,Diesel
115,Pickup Truck,2021,F3-L2,Factory 3,Diesel
116,City Hatchback,2021,F1-L1,Factory 1,Petrol
117,Compact Sedan,2021,F2-L1,Factory 2,Petrol
118,Compact SUV,2021,F2-L2,Factory 2,Hybrid
119,Compact SUV,2021,F3-L1,Factory 3,Petrol
120,City Hatchback,2021,F1-L2,Factory 1,Hybrid
121,City Hatchback,2021,F1-L2,Factory 1,Diesel
122,Compact Sedan,2021,F2-L1,Factory 2,Diesel
123,Compact SUV,2021,F3-L1,Factory 3,Petrol
124,Compact SUV,2021,F3-L1,Factory 3,Petrol
125,Compact Sedan,2021,F2-L1,Factory 2,Hybrid
126,Compact SUV,2021,F2-L2,Factory 2,Hybrid
127,Compact Sedan,2021,F2-L1,Factory 2,Petrol
128,Family SUV,2021,F3-L1,Factory 3,Hybrid
129,Compact SUV,2021,F3-L1,Factory 3,Diesel
130,Compact Sedan,2021,F2-L1,Factory 2,Diesel
131,Family SUV,2021,F3-L1,Factory 3,Diesel
132,Compact SUV,2021,F2-L2,Factory 2,Hybrid
133,Family SUV,2021,F3-L2,Factory 3,Diesel
134,Pickup Truck,2021,F3-L2,Factory 3,Diesel
135,Pickup Truck,2021,F3-L2,Factory 3,Diesel
136,Compact SUV,2021,F3-L1,Factory 3,Diesel
137,City Hatchback,2021,F1-L1,Factory 1,Hybrid
138,Compact SUV,2021,F2-L2,Factory 2,Petrol
139,Pickup Truck,2021,F3-L2,Factory 3,Diesel
140,Compact SUV,2021,F3-L1,Factory 3,Petrol
141,Pickup Truck,2021,F3-L2,Factory 3,Diesel
142,Compact SUV,2021,F3-L1,Factory 3,Diesel
143,City Hatchback,2021,F1-L2,Factory 1,Petrol
144,City Hatchback,2021,F1-L2,Factory 1,Hybrid
145,Compact SUV,2021,F2-L2,Factory 2,Diesel
146,Compact Sedan,2021,F2-L1,Factory 2,Petrol
147,Compact SUV,2021,F3-L1,Factory 3,Petrol
148,Pickup Truck,2021,F3-L2,Factory 3,Diesel
149,Family SUV,2021,F3-L1,Factory 3,Diesel
150,Compact Sedan,2021,F2-L2,Factory 2,Petrol
151,City Hatchback,2021,F1-L1,Factory 1,Petrol
152,Compact SUV,2021,F3-L1,Factory 3,Diesel
153,Compact SUV,2021,F3-L1,Factory 3,Diesel
154,Pickup Truck,2021,F3-L2,Factory 3,Petrol
155,City Hatchback,2021,F1-L1,Factory 1,Petrol
156,Compact SUV,2021,F3-L1,Factory 3,Diesel
157,Compact Sedan,2021,F2-L1,Factory 2,Diesel
158,Family SUV,2021,F3-L2,Factory 3,Diesel
159,City Hatchback,2021,F1-L1,Factory 1,Petrol
160,Family SUV,2021,F3-L2,Factory 3,Hybrid
161,Pickup Truck,2021,F3-L2,Factory 3,Diesel
162,Compact Sedan,2021,F2-L1,Factory 2,Hybrid
163,Compact SUV,2021,F3-L1,Factory 3,Petrol
164,Pickup Truck,2021,F3-L2,Factory 3,Diesel
165,City Hatchback,2021,F1-L1,Factory 1,Petrol
166,Pickup Truck,2021,F3-L2,Factory 3,Diesel
167,Family SUV,2021,F3-L1,Factory 3,Petrol
168,Compact Sedan,2021,F2-L1,Factory 2,Petrol
169,City Hatchback,2021,F1-L1,Factory 1,Petrol
170,City Hatchback,2021,F1-L2,Factory 1,Hybrid
171,Family SUV,2021,F3-L1,Factory 3,Diesel
172,Pickup Truck,2021,F3-L2,Factory 3,Diesel
173,Compact Sedan,2021,F2-L1,Factory 2,Diesel
174,Compact SUV,2021,F2-L2,Factory 2,Diesel
175,Compact Sedan,2021,F2-L1,Factory 2,Petrol
176,Compact SUV,2021,F3-L1,Factory 3,Diesel
177,Family SUV,2021,F3-L2,Factory 3,Hybrid
178,Pickup Truck,2021,F3-L2,Factory 3,Diesel
179,Compact Sedan,2021,F2-L1,Factory 2,Hybrid
180,Compact Sedan,2021,F2-L1,Factory 2,Petrol
181,Pickup Truck,2021,F3-L2,Factory 3,Diesel
182,Compact Sedan,2021,F2-L2,Factory 2,Diesel
183,Pickup Truck,2021,F3-L2,Factory 3,Diesel
184,City Hatchback,2021,F1-L1,Factory 1,Diesel
185,Family SUV,2021,F3-L1,Factory 3,Diesel
186,Family SUV,2021,F3-L2,Factory 3,Petrol
187,Compact Sedan,2021,F2-L1,Factory 2,Diesel
188,Compact SUV,2021,F2-L2,Factory 2,Petrol
189,Compact SUV,2021,F2-L2,Factory 2,Diesel
190,City Hatchback,2021,F1-L1,Factory 1,Diesel
191,City Hatchback,2021,F1-L1,Factory 1,Petrol
192,Compact SUV,2021,F3-L1,Factory 3,Hybrid
193,Compact SUV,2021,F2-L2,Factory 2,Hybrid
194,Family SUV,2021,F3-L1,Factory 3,Diesel
195,Compact SUV,2021,F2-L2,Factory 2,Petrol
196,Compact SUV,2021,F2-L2,Factory 2,Petrol
197,City Hatchback,2021,F1-L2,Factory 1,Diesel
198,Family SUV,2021,F3-L2,Factory 3,Petrol
199,Pickup Truck,2021,F3-L2,Factory 3,Diesel
200,Compact SUV,2021,F2-L2,Factory 2,Diesel
201,Compact SUV,2021,F2-L2,Factory 2,Diesel
202,Compact SUV,2021,F2-L2,Factory 2,Diesel
203,City Hatchback,2022,F1-L1,Factory 1,Petrol
204,City Hatchback,2022,F1-L1,Factory 1,Petrol
205,Electric Crossover,2022,F1-L2,Factory 1,Electric
206,Compact SUV,2022,F3-L1,Factory 3,Diesel
207,Compact SUV,2022,F2-L2,Factory 2,Petrol
208,Compact SUV,2022,F3-L1,Factory 3,Diesel
209,Electric Crossover,2022,F1-L2,Factory 1,Electric
210,Compact SUV,2022,F2-L2,Factory 2,Petrol
211,City Hatchback,2022,F1-L1,Factory 1,Diesel
212,Family SUV,2022,F3-L1,Factory 3,Diesel
213,Compact SUV,2022,F2-L2,Factory 2,Petrol
214,Electric Crossover,2022,F1-L2,Factory 1,Electric
215,City Hatchback,2022,F1-L1,Factory 1,Petrol
216,Pickup Truck,2022,F3-L2,Factory 3,Diesel
217,Electric Crossover,2022,F1-L2,Factory 1,Electric
218,City Hatchback,2022,F1-L2,Factory 1,Hybrid
219,Family SUV,2022,F3-L2,Factory 3,Hybrid
220,Pickup Truck,2022,F3-L2,Factory 3,Petrol
221,Compact SUV,2022,F3-L1,Factory 3,Petrol
222,Compact SUV,2022,F2-L2,Factory 2,Petrol
223,Pickup Truck,2022,F3-L2,Factory 3,Diesel
224,Compact Sedan,2022,F2-L2,Factory 2,Hybrid
225,Compact Sedan,2022,F2-L1,Factory 2,Diesel
226,Pickup Truck,2022,F3-L2,Factory 3,Diesel
227,Electric Crossover,2022,F1-L2,Factory 1,Electric
228,Family SUV,2022,F3-L1,Factory 3,Diesel
229,Pickup Truck,2022,F3-L2,Factory 3,Diesel
230,Electric Crossover,2022,F1-L2,Factory 1,Electric
231,Electric Crossover,2022,F1-L2,Factory 1,Electric
232,City Hatchback,2022,F1-L2,Factory 1,Petrol
233,City Hatchback,2022,F1-L1,Factory 1,Petrol
234,Compact SUV,2022,F3-L1,Factory 3,Petrol
235,Electric Crossover,2022,F1-L2,Factory 1,Electric
236,Family SUV,2022,F3-L2,Factory 3,Diesel
237,Family SUV,2022,F3-L2,Factory 3,Diesel
238,Compact Sedan,2022,F2-L1,Factory 2,Petrol
239,Compact SUV,2022,F2-L2,Factory 2,Petrol
240,City Hatchback,2022,F1-L2,Factory 1,Petrol
241,Compact Sedan,2022,F2-L1,Factory 2,Diesel
242,Compact Sedan,2022,F2-L2,Factory 2,Diesel
243,City Hatchback,2022,F1-L1,Factory 1,Hybrid
244,City Hatchback,2022,F1-L1,Factory 1,Diesel
245,Compact Sedan,2022,F2-L1,Factory 2,Hybrid
246,Family SUV,2022,F3-L2,Factory 3,Hybrid
247,Electric Crossover,2022,F1-L2,Factory 1,Electric
248,Compact SUV,2022,F3-L1,Factory 3,Hybrid
249,Compact SUV,2022,F2-L2,Factory 2,Petrol
250,Electric Crossover,2022,F1-L2,Factory 1,Electric
251,Compact Sedan,2022,F2-L1,Factory 2,Diesel
252,Pickup Truck,2022,F3-L2,Factory 3,Diesel
253,City Hatchback,2022,F1-L2,Factory 1,Petrol
254,Compact Sedan,2022,F2-L2,Factory 2,Petrol
255,City Hatchback,2022,F1-L2,Factory 1,Petrol
256,Compact Sedan,2022,F2-L2,Factory 2,Petrol
257,Family SUV,2022,F3-L1,Factory 3,Diesel
258,Compact Sedan,2022,F2-L2,Factory 2,Petrol
259,Pickup Truck,2022,F3-L2,Factory 3,Diesel
260,Family SUV,2022,F3-L2,Factory 3,Petrol
261,Compact SUV,2022,F2-L2,Factory 2,Diesel
262,Pickup Truck,2022,F3-L2,Factory 3,Diesel
263,Compact Sedan,2022,F2-L2,Factory 2,Petrol
264,Compact SUV,2022,F3-L1,Factory 3,Hybrid
265,City Hatchback,2022,F1-L1,Factory 1,Petrol
266,Pickup Truck,2022,F3-L2,Factory 3,Diesel
267,Family SUV,2022,F3-L2,Factory 3,Petrol
268,Pickup Truck,2022,F3-L2,Factory 3,Diesel
269,Family SUV,2022,F3-L2,Factory 3,Diesel
270,Compact SUV,2022,F3-L1,Factory 3,Petrol
271,Family SUV,2022,F3-L2,Factory 3,Diesel
272,Compact Sedan,2022,F2-L1,Factory 2,Hybrid
273,Compact Sedan,2022,F2-L1,Factory 2,Petrol
274,Family SUV,2022,F3-L2,Factory 3,Diesel
275,City Hatchback,2022,F1-L1,Factory 1,Petrol
276,Family SUV,2022,F3-L2,Factory 3,Petrol
277,Compact Sedan,2022,F2-L1,Factory 2,Petrol
278,Compact SUV,2022,F2-L2,Factory 2,Petrol
279,City Hatchback,2022,F1-L2,Factory 1,Petrol
280,Electric Crossover,2022,F1-L2,Factory 1,Electric
281,Compact SUV,2022,F3-L1,Factory 3,Hybrid
282,Compact SUV,2022,F2-L2,Factory 2,Diesel
283,City Hatchback,2022,F1-L1,Factory 1,Hybrid
284,Compact SUV,2022,F2-L2,Factory 2,Hybrid
285,Electric Crossover,2022,F1-L2,Factory 1,Electric
286,Compact SUV,2022,F2-L2,Factory 2,Hybrid
287,Compact Sedan,2022,F2-L1,Factory 2,Petrol
288,Pickup Truck,2022,F3-L2,Factory 3,Petrol
289,Compact SUV,2022,F2-L2,Factory 2,Diesel
290,Family SUV,2022,F3-L2,Factory 3,Petrol
291,Compact Sedan,2022,F2-L1,Factory 2,Petrol
292,Electric Crossover,2022,F1-L2,Factory 1,Electric
293,Family SUV,2022,F3-L2,Factory 3,Diesel
294,City Hatchback,2022,F1-L1,Factory 1,Diesel
295,Electric Crossover,2022,F1-L2,Factory 1,Electric
296,Compact SUV,2022,F2-L2,Factory 2,Petrol
297,Family SUV,2022,F3-L1,Factory 3,Diesel
298,City Hatchback,2022,F1-L1,Factory 1,Diesel
299,Compact SUV,2022,F3-L1,Factory 3,Hybrid
300,Electric Crossover,2022,F1-L2,Factory 1,Electric
301,Compact SUV,2022,F3-L1,Factory 3,Petrol
302,City Hatchback,2022,F1-L2,Factory 1,Petrol
303,Compact Sedan,2022,F2-L1,Factory 2,Petrol
304,Electric Crossover,2022,F1-L2,Factory 1,Electric
305,Compact Sedan,2022,F2-L2,Factory 2,Hybrid
306,Compact SUV,2022,F2-L2,Factory 2,Petrol
307,City Hatchback,2022,F1-L1,Factory 1,Hybrid
308,Family SUV,2022,F3-L2,Factory 3,Petrol
309,Compact Sedan,2022,F2-L1,Factory 2,Diesel
310,Electric Crossover,2022,F1-L2,Factory 1,Electric
311,Compact SUV,2022,F2-L2,Factory 2,Hybrid
312,Compact SUV,2022,F3-L1,Factory 3,Diesel
313,Compact Sedan,2022,F2-L2,Factory 2,Hybrid
314,City Hatchback,2022,F1-L2,Factory 1,Petrol
315,Family SUV,2022,F3-L2,Factory 3,Hybrid
316,Compact Sedan,2022,F2-L1,Factory 2,Diesel
317,Pickup Truck,2022,F3-L2,Factory 3,Petrol
318,Compact SUV,2022,F2-L2,Factory 2,Petrol
319,Electric Crossover,2022,F1-L2,Factory 1,Electric
320,Family SUV,2022,F3-L2,Factory 3,Petrol
321,City Hatchback,2022,F1-L1,Factory 1,Hybrid
322,Compact Sedan,2022,F2-L2,Factory 2,Petrol
323,Compact Sedan,2022,F2-L2,Factory 2,Diesel
324,City Hatchback,2022,F1-L2,Factory 1,Petrol
325,Compact Sedan,2022,F2-L2,Factory 2,Petrol
326,Compact Sedan,2022,F2-L2,Factory 2,Diesel
327,Pickup Truck,2022,F3-L2,Factory 3,Diesel
328,Family SUV,2022,F3-L1,Factory 3,Diesel
329,Compact Sedan,2022,F2-L2,Factory 2,Diesel
330,City Hatchback,2022,F1-L2,Factory 1,Diesel
331,Compact SUV,2022,F3-L1,Factory 3,Petrol
332,Compact Sedan,2022,F2-L1,Factory 2,Petrol
333,Pickup Truck,2022,F3-L2,Factory 3,Diesel
334,Compact SUV,2022,F2-L2,Factory 2,Petrol
335,Compact Sedan,2022,F2-L2,Factory 2,Petrol
336,City Hatchback,2022,F1-L1,Factory 1,Petrol
337,Pickup Truck,2022,F3-L2,Factory 3,Diesel
338,Compact SUV,2022,F2-L2,Factory 2,Hybrid
339,City Hatchback,2022,F1-L2,Factory 1,Petrol
340,Compact Sedan,2022,F2-L1,Factory 2,Hybrid
341,City Hatchback,2022,F1-L2,Factory 1,Petrol
342,Electric Crossover,2022,F1-L2,Factory 1,Electric
343,City Hatchback,2022,F1-L2,Factory 1,Hybrid
344,Family SUV,2022,F3-L2,Factory 3,Diesel
345,Compact Sedan,2022,F2-L2,Factory 2,Petrol
346,Electric Crossover,2022,F1-L2,Factory 1,Electric
347,City Hatchback,2022,F1-L2,Factory 1,Diesel
348,Electric Crossover,2022,F1-L2,Factory 1,Electric
349,Family SUV,2022,F3-L2,Factory 3,Diesel
350,Compact Sedan,2022,F2-L1,Factory 2,Diesel
351,Electric Crossover,2022,F1-L2,Factory 1,Electric
352,Family SUV,2022,F3-L2,Factory 3,Diesel
353,Compact Sedan,2022,F2-L1,Factory 2,Petrol
354,Compact Sedan,2022,F2-L2,Factory 2,Petrol
355,Family SUV,2022,F3-L2,Factory 3,Diesel
356,Electric Crossover,2022,F1-L2,Factory 1,Electric
357,City Hatchback,2022,F1-L2,Factory 1,Petrol
358,City Hatchback,2022,F1-L2,Factory 1,Diesel
359,City Hatchback,2022,F1-L1,Factory 1,Petrol
360,Family SUV,2022,F3-L2,Factory 3,Hybrid
361,Compact SUV,2022,F3-L1,Factory 3,Hybrid
362,Pickup Truck,2022,F3-L2,Factory 3,Diesel
363,Electric Crossover,2022,F1-L2,Factory 1,Electric
364,Electric Crossover,2022,F1-L2,Factory 1,Electric
365,Compact Sedan,2022,F2-L2,Factory 2,Petrol
366,Compact SUV,2022,F2-L2,Factory 2,Diesel
367,Pickup Truck,2022,F3-L2,Factory 3,Diesel
368,City Hatchback,2022,F1-L2,Factory 1,Petrol
369,City Hatchback,2022,F1-L1,Factory 1,Petrol
370,City Hatchback,2022,F1-L2,Factory 1,Diesel
371,Family SUV,2022,F3-L2,Factory 3,Petrol
372,Family SUV,2022,F3-L2,Factory 3,Petrol
373,Compact SUV,2022,F2-L2,Factory 2,Petrol
374,Family SUV,2022,F3-L1,Factory 3,Petrol
375,City Hatchback,2022,F1-L2,Factory 1,Diesel
376,City Hatchback,2022,F1-L2,Factory 1,Petrol
377,Electric Crossover,2022,F1-L2,Factory 1,Electric
378,Compact Sedan,2022,F2-L1,Factory 2,Petrol
379,City Hatchback,2022,F1-L1,Factory 1,Hybrid
380,City Hatchback,2022,F1-L1,Factory 1,Petrol
381,City Hatchback,2022,F1-L2,Factory 1,Petrol
382,Compact Sedan,2022,F2-L2,Factory 2,Petrol
383,Family SUV,2022,F3-L1,Factory 3,Petrol
384,Compact Sedan,2022,F2-L2,Factory 2,Petrol
385,Compact Sedan,2022,F2-L1,Factory 2,Hybrid
386,Compact SUV,2022,F2-L2,Factory 2,Petrol
387,City Hatchback,2022,F1-L1,Factory 1,Petrol
388,Pickup Truck,2022,F3-L2,Factory 3,Petrol
389,City Hatchback,2022,F1-L1,Factory 1,Hybrid
390,City Hatchback,2022,F1-L2,Factory 1,Petrol
391,City Hatchback,2022,F1-L2,Factory 1,Petrol
392,Compact SUV,2022,F3-L1,Factory 3,Hybrid
393,Compact Sedan,2022,F2-L1,Factory 2,Hybrid
394,City Hatchback,2022,F1-L2,Factory 1,Petrol
395,Family SUV,2022,F3-L2,Factory 3,Hybrid
396,Family SUV,2022,F3-L1,Factory 3,Petrol
397,Compact Sedan,2022,F2-L2,Factory 2,Diesel
398,Family SUV,2022,F3-L1,Factory 3,Diesel
399,Family SUV,2022,F3-L2,Factory 3,Hybrid
400,Compact SUV,2022,F3-L1,Factory 3,Diesel
401,Compact SUV,2022,F3-L1,Factory 3,Diesel
402,City Hatchback,2022,F1-L1,Factory 1,Petrol
403,Compact SUV,2022,F2-L2,Factory 2,Diesel
404,Compact SUV,2022,F2-L2,Factory 2,Diesel
405,Compact SUV,2022,F3-L1,Factory 3,Petrol
406,Family SUV,2022,F3-L2,Factory 3,Diesel
407,Compact Sedan,2022,F2-L1,Factory 2,Diesel
408,Compact Sedan,2022,F2-L2,Factory 2,Petrol
409,Family SUV,2022,F3-L1,Factory 3,Diesel
410,Compact SUV,2022,F2-L2,Factory 2,Diesel
411,Family SUV,2022,F3-L2,Factory 3,Hybrid
412,City Hatchback,2022,F1-L1,Factory 1,Hybrid
413,Family SUV,2022,F3-L2,Factory 3,Petrol
414,Family SUV,2022,F3-L1,Factory 3,Petrol
415,Electric Crossover,2022,F1-L2,Factory 1,Electric
416,Compact SUV,2022,F3-L1,Factory 3,Diesel
417,Compact Sedan,2022,F2-L1,Factory 2,Petrol
418,Compact SUV,2022,F3-L1,Factory 3,Hybrid
419,Electric Crossover,2022,F1-L2,Factory 1,Electric
420,City Hatchback,2022,F1-L2,Factory 1,Petrol
421,Pickup Truck,2022,F3-L2,Factory 3,Diesel
422,Compact Sedan,2022,F2-L2,Factory 2,Diesel
423,Compact SUV,2022,F2-L2,Factory 2,Diesel
424,Electric Crossover,2022,F1-L2,Factory 1,Electric
425,Compact SUV,2022,F2-L2,Factory 2,Hybrid
426,Compact SUV,2022,F2-L2,Factory 2,Hybrid
427,Compact Sedan,2022,F2-L1,Factory 2,Petrol
428,Compact Sedan,2022,F2-L2,Factory 2,Petrol
429,Compact Sedan,2022,F2-L1,Factory 2,Diesel
430,Electric Crossover,2022,F1-L2,Factory 1,Electric
431,Compact Sedan,2022,F2-L1,Factory 2,Petrol
432,Compact Sedan,2022,F2-L1,Factory 2,Diesel
433,Compact SUV,2022,F3-L1,Factory 3,Diesel
434,Family SUV,2022,F3-L2,Factory 3,Diesel
435,Compact SUV,2022,F3-L1,Factory 3,Petrol
436,Compact SUV,2022,F2-L2,Factory 2,Petrol
437,Electric Crossover,2022,F1-L2,Factory 1,Electric
438,Compact Sedan,2022,F2-L2,Factory 2,Hybrid
439,City Hatchback,2022,F1-L1,Factory 1,Petrol
440,Compact Sedan,2022,F2-L1,Factory 2,Petrol
441,Family SUV,2022,F3-L2,Factory 3,Petrol
442,Compact Sedan,2022,F2-L2,Factory 2,Diesel
443,Compact Sedan,2022,F2-L1,Factory 2,Petrol
444,Family SUV,2022,F3-L2,Factory 3,Hybrid
445,Pickup Truck,2022,F3-L2,Factory 3,Petrol
446,Family SUV,2022,F3-L1,Factory 3,Petrol
447,Compact Sedan,2022,F2-L2,Factory 2,Diesel
448,Compact SUV,2022,F2-L2,Factory 2,Hybrid
449,Family SUV,2022,F3-L1,Factory 3,Petrol
450,Family SUV,2022,F3-L1,Factory 3,Petrol
451,Compact Sedan,2022,F2-L1,Factory 2,Petrol
452,City Hatchback,2022,F1-L1,Factory 1,Diesel
453,Pickup Truck,2022,F3-L2,Factory 3,Diesel
454,Compact SUV,2022,F3-L1,Factory 3,Petrol
455,Compact Sedan,2022,F2-L1,Factory 2,Petrol
456,Compact SUV,2022,F2-L2,Factory 2,Petrol
457,City Hatchback,2022,F1-L1,Factory 1,Hybrid
458,Family SUV,2022,F3-L2,Factory 3,Diesel
459,Electric Crossover,2022,F1-L2,Factory 1,Electric
460,Compact SUV,2022,F3-L1,Factory 3,Diesel
461,City Hatchback,2022,F1-L1,Factory 1,Petrol
462,City Hatchback,2022,F1-L1,Factory 1,Diesel
463,Family SUV,2022,F3-L2,Factory 3,Petrol
464,Electric Crossover,2022,F1-L2,Factory 1,Electric
465,Family SUV,2022,F3-L1,Factory 3,Petrol
466,Family SUV,2022,F3-L1,Factory 3,Hybrid
467,Compact Sedan,2022,F2-L1,Factory 2,Petrol
468,Electric Crossover,2022,F1-L2,Factory 1,Electric
469,Family SUV,2022,F3-L2,Factory 3,Diesel
470,Compact Sedan,2022,F2-L1,Factory 2,Petrol
471,Compact Sedan,2022,F2-L1,Factory 2,Petrol
472,Pickup Truck,2022,F3-L2,Factory 3,Petrol
473,Compact Sedan,2022,F2-L1,Factory 2,Hybrid
474,City Hatchback,2022,F1-L2,Factory 1,Petrol
475,Family SUV,2022,F3-L2,Factory 3,Diesel
476,Compact SUV,2022,F2-L2,Factory 2,Diesel
477,Electric Crossover,2022,F1-L2,Factory 1,Electric
478,Pickup Truck,2022,F3-L2,Factory 3,Diesel
479,Compact Sedan,2022,F2-L2,Factory 2,Hybrid
480,City Hatchback,2022,F1-L1,Factory 1,Petrol
481,Compact SUV,2022,F2-L2,Factory 2,Hybrid
482,City Hatchback,2022,F1-L1,Factory 1,Petrol
483,Family SUV,2022,F3-L2,Factory 3,Hybrid
484,Pickup Truck,2022,F3-L2,Factory 3,Diesel
485,Pickup Truck,2022,F3-L2,Factory 3,Diesel
486,Compact SUV,2022,F2-L2,Factory 2,Diesel
487,Compact SUV,2022,F2-L2,Factory 2,Diesel
488,Compact SUV,2022,F2-L2,Factory 2,Petrol
489,Compact SUV,2022,F3-L1,Factory 3,Petrol
490,Compact SUV,2022,F2-L2,Factory 2,Diesel
491,City Hatchback,2022,F1-L2,Factory 1,Petrol
492,Family SUV,2022,F3-L1,Factory 3,Diesel
493,Electric Crossover,2022,F1-L2,Factory 1,Electric
494,Compact SUV,2022,F2-L2,Factory 2,Diesel
495,Family SUV,2022,F3-L2,Factory 3,Diesel
496,Compact Sedan,2022,F2-L1,Factory 2,Petrol
497,City Hatchback,2022,F1-L2,Factory 1,Petrol
498,City Hatchback,2022,F1-L2,Factory 1,Petrol
499,City Hatchback,2022,F1-L1,Factory 1,Petrol
500,City Hatchback,2022,F1-L2,Factory 1,Hybrid
501,Electric Crossover,2022,F1-L2,Factory 1,Electric
502,Compact Sedan,2022,F2-L1,Factory 2,Petrol
503,Electric Crossover,2022,F1-L2,Factory 1,Electric
504,Compact Sedan,2022,F2-L2,Factory 2,Diesel
505,Family SUV,2022,F3-L2,Factory 3,Petrol
506,City Hatchback,2022,F1-L1,Factory 1,Petrol
507,City Hatchback,2022,F1-L1,Factory 1,Petrol
508,Compact SUV,2022,F2-L2,Factory 2,Diesel
509,Pickup Truck,2022,F3-L2,Factory 3,Diesel
510,City Hatchback,2022,F1-L2,Factory 1,Diesel
511,City Hatchback,2022,F1-L2,Factory 1,Petrol
512,Compact SUV,2022,F2-L2,Factory 2,Hybrid
513,Compact SUV,2023,F2-L2,Factory 2,Hybrid
514,Compact SUV,2023,F3-L1,Factory 3,Petrol
515,City Hatchback,2023,F1-L1,Factory 1,Hybrid
516,City Hatchback,2023,F1-L1,Factory 1,Diesel
517,Compact Sedan,2023,F2-L2,Factory 2,Diesel
518,Compact SUV,2023,F2-L2,Factory 2,Hybrid
519,Electric Crossover,2023,F1-L2,Factory 1,Electric
520,Compact SUV,2023,F3-L1,Factory 3,Petrol
521,Family SUV,2023,F3-L2,Factory 3,Diesel
522,Pickup Truck,2023,F3-L2,Factory 3,Diesel
523,City Hatchback,2023,F1-L1,Factory 1,Petrol
524,Family SUV,2023,F3-L2,Factory 3,Diesel
525,Pickup Truck,2023,F3-L2,Factory 3,Diesel
526,City Hatchback,2023,F1-L1,Factory 1,Petrol
527,Pickup Truck,2023,F3-L2,Factory 3,Diesel
528,Pickup Truck,2023,F3-L2,Factory 3,Diesel
529,City Hatchback,2023,F1-L2,Factory 1,Petrol
530,City Hatchback,2023,F1-L2,Factory 1,Petrol
531,City Hatchback,2023,F1-L1,Factory 1,Hybrid
532,Compact SUV,2023,F2-L2,Factory 2,Diesel
533,City Hatchback,2023,F1-L2,Factory 1,Petrol
534,City Hatchback,2023,F1-L2,Factory 1,Petrol
535,Compact SUV,2023,F3-L1,Factory 3,Diesel
536,Compact SUV,2023,F3-L1,Factory 3,Petrol
537,Compact SUV,2023,F2-L2,Factory 2,Hybrid
538,City Hatchback,2023,F1-L1,Factory 1,Petrol
539,Compact Sedan,2023,F2-L2,Factory 2,Petrol
540,City Hatchback,2023,F1-L2,Factory 1,Hybrid
541,City Hatchback,2023,F1-L2,Factory 1,Diesel
542,Pickup Truck,2023,F3-L2,Factory 3,Diesel
543,Compact Sedan,2023,F2-L1,Factory 2,Diesel
544,Compact Sedan,2023,F2-L2,Factory 2,Petrol
545,Compact Sedan,2023,F2-L1,Factory 2,Petrol
546,Compact Sedan,2023,F2-L2,Factory 2,Petrol
547,Family SUV,2023,F3-L1,Factory 3,Diesel
548,Electric Crossover,2023,F1-L2,Factory 1,Electric
549,Compact SUV,2023,F3-L1,Factory 3,Diesel
550,City Hatchback,2023,F1-L2,Factory 1,Petrol
551,Compact Sedan,2023,F2-L1,Factory 2,Petrol
552,Compact SUV,2023,F3-L1,Factory 3,Diesel
553,Compact Sedan,2023,F2-L1,Factory 2,Petrol
554,Compact SUV,2023,F2-L2,Factory 2,Diesel
555,City Hatchback,2023,F1-L2,Factory 1,Petrol
556,City Hatchback,2023,F1-L1,Factory 1,Petrol
557,Family SUV,2023,F3-L1,Factory 3,Diesel
558,Family SUV,2023,F3-L1,Factory 3,Diesel
559,Compact SUV,2023,F2-L2,Factory 2,Hybrid
560,Family SUV,2023,F3-L1,Factory 3,Petrol
561,City Hatchback,2023,F1-L1,Factory 1,Petrol
562,Electric Crossover,2023,F1-L2,Factory 1,Electric
563,Family SUV,2023,F3-L2,Factory 3,Diesel
564,Electric Crossover,2023,F1-L2,Factory 1,Electric
565,City Hatchback,2023,F1-L2,Factory 1,Petrol
566,City Hatchback,2023,F1-L1,Factory 1,Petrol
567,Family SUV,2023,F3-L2,Factory 3,Petrol
568,Compact Sedan,2023,F2-L1,Factory 2,Diesel
569,City Hatchback,2023,F1-L1,Factory 1,Petrol
570,City Hatchback,2023,F1-L2,Factory 1,Petrol
571,Pickup Truck,2023,F3-L2,Factory 3,Diesel
572,Electric Crossover,2023,F1-L2,Factory 1,Electric
573,City Hatchback,2023,F1-L1,Factory 1,Diesel
574,Family SUV,2023,F3-L1,Factory 3,Diesel
575,Compact SUV,2023,F2-L2,Factory 2,Petrol
576,City Hatchback,2023,F1-L2,Factory 1,Diesel
577,Compact SUV,2023,F2-L2,Factory 2,Petrol
578,Family SUV,2023,F3-L1,Factory 3,Petrol
579,Pickup Truck,2023,F3-L2,Factory 3,Diesel
580,Family SUV,2023,F3-L2,Factory 3,Hybrid
581,Compact Sedan,2023,F2-L1,Factory 2,Petrol
582,City Hatchback,2023,F1-L2,Factory 1,Hybrid
583,Compact SUV,2023,F2-L2,Factory 2,Petrol
584,Compact Sedan,2023,F2-L1,Factory 2,Diesel
585,Compact Sedan,2023,F2-L2,Factory 2,Petrol
586,Pickup Truck,2023,F3-L2,Factory 3,Diesel
587,Family SUV,2023,F3-L2,Factory 3,Diesel
588,Compact Sedan,2023,F2-L2,Factory 2,Hybrid
589,City Hatchback,2023,F1-L2,Factory 1,Diesel
590,Compact Sedan,2023,F2-L1,Factory 2,Petrol
591,Compact SUV,2023,F3-L1,Factory 3,Petrol
592,City Hatchback,2023,F1-L2,Factory 1,Petrol
593,Compact SUV,2023,F3-L1,Factory 3,Petrol
594,Compact Sedan,2023,F2-L2,Factory 2,Diesel
595,City Hatchback,2023,F1-L1,Factory 1,Hybrid
596,City Hatchback,2023,F1-L1,Factory 1,Petrol
597,Compact Sedan,2023,F2-L1,Factory 2,Petrol
598,Compact Sedan,2023,F2-L1,Factory 2,Hybrid
599,Family SUV,2023,F3-L2,Factory 3,Diesel
600,Compact SUV,2023,F3-L1,Factory 3,Hybrid
601,Compact SUV,2023,F3-L1,Factory 3,Petrol
602,Compact Sedan,2023,F2-L1,Factory 2,Diesel
603,Electric Crossover,2023,F1-L2,Factory 1,Electric
604,City Hatchback,2023,F1-L2,Factory 1,Hybrid
605,City Hatchback,2023,F1-L1,Factory 1,Petrol
606,Compact SUV,2023,F3-L1,Factory 3,Petrol
607,Family SUV,2023,F3-L1,Factory 3,Diesel
608,Compact Sedan,2023,F2-L2,Factory 2,Diesel
609,Family SUV,2023,F3-L1,Factory 3,Diesel
610,Electric Crossover,2023,F1-L2,Factory 1,Electric
611,Family SUV,2023,F3-L1,Factory 3,Petrol
612,Compact SUV,2023,F3-L1,Factory 3,Diesel
613,Compact SUV,2023,F3-L1,Factory 3,Diesel
614,Compact Sedan,2023,F2-L1,Factory 2,Diesel
615,Compact Sedan,2023,F2-L1,Factory 2,Diesel
616,Electric Crossover,2023,F1-L2,Factory 1,Electric
617,City Hatchback,2023,F1-L1,Factory 1,Petrol
618,Compact Sedan,2023,F2-L2,Factory 2,Diesel
619,Compact SUV,2023,F3-L1,Factory 3,Diesel
620,Compact SUV,2023,F3-L1,Factory 3,Petrol
621,Family SUV,2023,F3-L2,Factory 3,Diesel
622,Compact Sedan,2023,F2-L2,Factory 2,Diesel
623,Electric Crossover,2023,F1-L2,Factory 1,Electric
624,City Hatchback,2023,F1-L1,Factory 1,Petrol
625,Pickup Truck,2023,F3-L2,Factory 3,Diesel
626,Pickup Truck,2023,F3-L2,Factory 3,Diesel
627,Compact SUV,2023,F2-L2,Factory 2,Diesel
628,Compact Sedan,2023,F2-L1,Factory 2,Petrol
629,Compact Sedan,2023,F2-L1,Factory 2,Petrol
630,Compact SUV,2023,F3-L1,Factory 3,Diesel
631,Family SUV,2023,F3-L2,Factory 3,Diesel
632,Compact SUV,2023,F3-L1,Factory 3,Diesel
633,Compact Sedan,2023,F2-L1,Factory 2,Diesel
634,Compact Sedan,2023,F2-L1,Factory 2,Petrol
635,Family SUV,2023,F3-L2,Factory 3,Diesel
636,Compact SUV,2023,F3-L1,Factory 3,Diesel
637,Compact SUV,2023,F3-L1,Factory 3,Petrol
638,Electric Crossover,2023,F1-L2,Factory 1,Electric
639,City Hatchback,2023,F1-L1,Factory 1,Hybrid
640,Compact SUV,2023,F2-L2,Factory 2,Petrol
641,Compact SUV,2023,F2-L2,Factory 2,Diesel
642,City Hatchback,2023,F1-L1,Factory 1,Petrol
643,Compact Sedan,2023,F2-L2,Factory 2,Diesel
644,Family SUV,2023,F3-L2,Factory 3,Petrol
645,Compact SUV,2023,F2-L2,Factory 2,Petrol
646,Pickup Truck,2023,F3-L2,Factory 3,Diesel
647,Pickup Truck,2023,F3-L2,Factory 3,Diesel
648,Compact Sedan,2023,F2-L2,Factory 2,Diesel
649,Family SUV,2023,F3-L2,Factory 3,Hybrid
650,City Hatchback,2023,F1-L2,Factory 1,Petrol
651,Compact Sedan,2023,F2-L2,Factory 2,Petrol
652,City Hatchback,2023,F1-L1,Factory 1,Petrol
653,Compact Sedan,2023,F2-L2,Factory 2,Diesel
654,Family SUV,2023,F3-L2,Factory 3,Diesel
655,Compact SUV,2023,F3-L1,Factory 3,Petrol
656,Compact SUV,2023,F2-L2,Factory 2,Diesel
657,City Hatchback,2023,F1-L2,Factory 1,Petrol
658,City Hatchback,2023,F1-L2,Factory 1,Petrol
659,Compact SUV,2023,F2-L2,Factory 2,Diesel
660,Compact SUV,2023,F2-L2,Factory 2,Petrol
661,Family SUV,2023,F3-L2,Factory 3,Hybrid
662,Compact Sedan,2023,F2-L2,Factory 2,Petrol
663,Compact SUV,2023,F2-L2,Factory 2,Hybrid
664,Electric Crossover,2023,F1-L2,Factory 1,Electric
665,Family SUV,2023,F3-L1,Factory 3,Petrol
666,Compact Sedan,2023,F2-L2,Factory 2,Petrol
667,Compact SUV,2023,F2-L2,Factory 2,Petrol
668,Compact Sedan,2023,F2-L2,Factory 2,Petrol
669,Compact SUV,2023,F3-L1,Factory 3,Hybrid
670,City Hatchback,2023,F1-L2,Factory 1,Hybrid
671,City Hatchback,2023,F1-L2,Factory 1,Petrol
672,Family SUV,2023,F3-L1,Factory 3,Diesel
673,Electric Crossover,2023,F1-L2,Factory 1,Electric
674,Family SUV,2023,F3-L2,Factory 3,Diesel
675,Compact SUV,2023,F3-L1,Factory 3,Petrol
676,Electric Crossover,2023,F1-L2,Factory 1,Electric
677,Pickup Truck,2023,F3-L2,Factory 3,Diesel
678,Family SUV,2023,F3-L2,Factory 3,Diesel
679,Compact Sedan,2023,F2-L2,Factory 2,Hybrid
680,Compact Sedan,2023,F2-L2,Factory 2,Diesel
681,Compact SUV,2023,F3-L1,Factory 3,Petrol
682,Electric Crossover,2023,F1-L2,Factory 1,Electric
683,City Hatchback,2023,F1-L2,Factory 1,Petrol
684,Compact SUV,2023,F3-L1,Factory 3,Hybrid
685,Compact Sedan,2023,F2-L2,Factory 2,Petrol
686,Family SUV,2023,F3-L2,Factory 3,Hybrid
687,Electric Crossover,2023,F1-L2,Factory 1,Electric
688,Compact Sedan,2023,F2-L2,Factory 2,Petrol
689,Compact SUV,2023,F2-L2,Factory 2,Petrol
690,Family SUV,2023,F3-L2,Factory 3,Diesel
691,Compact SUV,2023,F3-L1,Factory 3,Hybrid
692,Compact SUV,2023,F3-L1,Factory 3,Petrol
693,Electric Crossover,2023,F1-L2,Factory 1,Electric
694,City Hatchback,2023,F1-L2,Factory 1,Petrol
695,Compact SUV,2023,F2-L2,Factory 2,Hybrid
696,Compact SUV,2023,F2-L2,Factory 2,Hybrid
697,Pickup Truck,2023,F3-L2,Factory 3,Diesel
698,Electric Crossover,2023,F1-L2,Factory 1,Electric
699,Compact Sedan,2023,F2-L1,Factory 2,Petrol
700,Compact SUV,2023,F3-L1,Factory 3,Diesel
701,Family SUV,2023,F3-L1,Factory 3,Diesel
702,City Hatchback,2023,F1-L1,Factory 1,Petrol
703,Compact Sedan,2023,F2-L2,Factory 2,Petrol
704,City Hatchback,2023,F1-L1,Factory 1,Petrol
705,City Hatchback,2023,F1-L2,Factory 1,Petrol
706,Compact SUV,2023,F3-L1,Factory 3,Petrol
707,City Hatchback,2023,F1-L2,Factory 1,Hybrid
708,Compact SUV,2023,F3-L1,Factory 3,Diesel
709,Compact Sedan,2023,F2-L1,Factory 2,Petrol
710,Pickup Truck,2023,F3-L2,Factory 3,Diesel
711,Compact SUV,2023,F3-L1,Factory 3,Petrol
712,City Hatchback,2023,F1-L2,Factory 1,Hybrid
713,City Hatchback,2023,F1-L2,Factory 1,Petrol
714,Pickup Truck,2023,F3-L2,Factory 3,Diesel
715,City Hatchback,2023,F1-L2,Factory 1,Diesel
716,Family SUV,2023,F3-L1,Factory 3,Diesel
717,City Hatchback,2023,F1-L1,Factory 1,Petrol
718,Pickup Truck,2023,F3-L2,Factory 3,Diesel
719,Compact SUV,2023,F3-L1,Factory 3,Hybrid
720,City Hatchback,2023,F1-L1,Factory 1,Petrol
721,Pickup Truck,2023,F3-L2,Factory 3,Diesel
722,Family SUV,2023,F3-L1,Factory 3,Diesel
723,Compact SUV,2023,F3-L1,Factory 3,Diesel
724,Compact SUV,2023,F2-L2,Factory 2,Diesel
725,City Hatchback,2023,F1-L1,Factory 1,Petrol
726,Compact SUV,2023,F2-L2,Factory 2,Petrol
727,Compact SUV,2023,F3-L1,Factory 3,Petrol
728,Compact Sedan,2023,F2-L1,Factory 2,Petrol
729,Family SUV,2023,F3-L1,Factory 3,Diesel
730,City Hatchback,2023,F1-L1,Factory 1,Hybrid
731,Compact SUV,2023,F2-L2,Factory 2,Petrol
732,Compact SUV,2023,F3-L1,Factory 3,Hybrid
733,City Hatchback,2023,F1-L2,Factory 1,Petrol
734,Pickup Truck,2023,F3-L2,Factory 3,Petrol
735,Compact Sedan,2023,F2-L1,Factory 2,Petrol
736,Compact SUV,2023,F3-L1,Factory 3,Diesel
737,Electric Crossover,2023,F1-L2,Factory 1,Electric
738,Compact SUV,2023,F3-L1,Factory 3,Diesel
739,Compact Sedan,2023,F2-L1,Factory 2,Petrol
740,City Hatchback,2023,F1-L2,Factory 1,Petrol
741,Compact Sedan,2023,F2-L1,Factory 2,Hybrid
742,Electric Crossover,2023,F1-L2,Factory 1,Electric
743,Compact Sedan,2023,F2-L2,Factory 2,Hybrid
744,Family SUV,2023,F3-L2,Factory 3,Petrol
745,Pickup Truck,2023,F3-L2,Factory 3,Diesel
746,Compact SUV,2023,F2-L2,Factory 2,Hybrid
747,Pickup Truck,2023,F3-L2,Factory 3,Diesel
748,City Hatchback,2023,F1-L1,Factory 1,Petrol
749,Compact Sedan,2023,F2-L2,Factory 2,Diesel
750,Compact SUV,2023,F3-L1,Factory 3,Diesel
751,Electric Crossover,2023,F1-L2,Factory 1,Electric
752,City Hatchback,2023,F1-L2,Factory 1,Petrol
753,Compact SUV,2023,F2-L2,Factory 2,Petrol
754,Compact Sedan,2023,F2-L2,Factory 2,Petrol
755,Compact SUV,2023,F3-L1,Factory 3,Hybrid
756,Compact Sedan,2023,F2-L2,Factory 2,Petrol
757,Compact Sedan,2023,F2-L1,Factory 2,Petrol
758,City Hatchback,2023,F1-L2,Factory 1,Petrol
759,Family SUV,2023,F3-L1,Factory 3,Diesel
760,City Hatchback,2023,F1-L1,Factory 1,Petrol
761,Compact Sedan,2023,F2-L1,Factory 2,Diesel
762,Compact Sedan,2023,F2-L2,Factory 2,Hybrid
763,Compact SUV,2023,F2-L2,Factory 2,Hybrid
764,Compact Sedan,2023,F2-L2,Factory 2,Petrol
765,City Hatchback,2023,F1-L2,Factory 1,Petrol
766,Compact Sedan,2023,F2-L2,Factory 2,Petrol
767,Compact Sedan,2023,F2-L2,Factory 2,Petrol
768,Compact SUV,2023,F2-L2,Factory 2,Petrol
769,Compact Sedan,2023,F2-L1,Factory 2,Petrol
770,Electric Crossover,2023,F1-L2,Factory 1,Electric
771,Compact SUV,2023,F3-L1,Factory 3,Diesel
772,Compact Sedan,2023,F2-L1,Factory 2,Diesel
773,Compact SUV,2023,F2-L2,Factory 2,Diesel
774,Pickup Truck,2023,F3-L2,Factory 3,Petrol
775,City Hatchback,2023,F1-L1,Factory 1,Petrol
776,City Hatchback,2023,F1-L1,Factory 1,Diesel
777,Compact SUV,2023,F2-L2,Factory 2,Hybrid
778,Compact SUV,2023,F3-L1,Factory 3,Petrol
779,Compact SUV,2023,F3-L1,Factory 3,Petrol
780,Compact SUV,2023,F3-L1,Factory 3,Diesel
781,City Hatchback,2023,F1-L2,Factory 1,Petrol
782,Pickup Truck,2023,F3-L2,Factory 3,Diesel
783,City Hatchback,2023,F1-L1,Factory 1,Petrol
784,City Hatchback,2023,F1-L1,Factory 1,Petrol
785,Pickup Truck,2023,F3-L2,Factory 3,Diesel
786,Family SUV,2023,F3-L2,Factory 3,Hybrid
787,Compact SUV,2023,F3-L1,Factory 3,Petrol
788,Family SUV,2023,F3-L2,Factory 3,Diesel
789,Compact Sedan,2023,F2-L2,Factory 2,Diesel
790,City Hatchback,2023,F1-L1,Factory 1,Hybrid
791,Pickup Truck,2023,F3-L2,Factory 3,Diesel
792,Electric Crossover,2023,F1-L2,Factory 1,Electric
793,City Hatchback,2023,F1-L2,Factory 1,Petrol
794,Compact Sedan,2023,F2-L2,Factory 2,Petrol
795,Compact Sedan,2023,F2-L1,Factory 2,Petrol
796,Electric Crossover,2023,F1-L2,Factory 1,Electric
797,Compact SUV,2023,F3-L1,Factory 3,Hybrid
798,Pickup Truck,2023,F3-L2,Factory 3,Diesel
799,Electric Crossover,2023,F1-L2,Factory 1,Electric
800,Compact Sedan,2023,F2-L2,Factory 2,Diesel
801,Electric Crossover,2023,F1-L2,Factory 1,Electric
802,Compact SUV,2023,F3-L1,Factory 3,Hybrid
803,Compact SUV,2023,F2-L2,Factory 2,Diesel
804,Family SUV,2023,F3-L1,Factory 3,Diesel
805,Compact SUV,2023,F3-L1,Factory 3,Diesel
806,Family SUV,2023,F3-L1,Factory 3,Petrol
807,Compact SUV,2023,F2-L2,Factory 2,Diesel
808,Electric Crossover,2023,F1-L2,Factory 1,Electric
809,City Hatchback,2023,F1-L2,Factory 1,Petrol
810,City Hatchback,2023,F1-L1,Factory 1,Petrol
811,Compact Sedan,2023,F2-L1,Factory 2,Petrol
812,Electric Crossover,2023,F1-L2,Factory 1,Electric
813,Compact SUV,2023,F2-L2,Factory 2,Hybrid
814,Family SUV,2023,F3-L1,Factory 3,Petrol
815,Compact SUV,2023,F3-L1,Factory 3,Petrol
816,Compact Sedan,2023,F2-L2,Factory 2,Diesel
817,Pickup Truck,2023,F3-L2,Factory 3,Diesel
818,City Hatchback,2023,F1-L1,Factory 1,Petrol
819,Pickup Truck,2023,F3-L2,Factory 3,Diesel
820,Family SUV,2023,F3-L1,Factory 3,Diesel
821,City Hatchback,2023,F1-L2,Factory 1,Diesel
822,City Hatchback,2023,F1-L2,Factory 1,Diesel
823,City Hatchback,2023,F1-L1,Factory 1,Petrol
824,Compact SUV,2023,F2-L2,Factory 2,Petrol
825,City Hatchback,2023,F1-L1,Factory 1,Diesel
826,Compact SUV,2023,F3-L1,Factory 3,Hybrid
827,City Hatchback,2023,F1-L2,Factory 1,Hybrid
828,Pickup Truck,2023,F3-L2,Factory 3,Diesel
829,Family SUV,2023,F3-L1,Factory 3,Diesel
830,Electric Crossover,2023,F1-L2,Factory 1,Electric
831,Pickup Truck,2023,F3-L2,Factory 3,Diesel
832,City Hatchback,2023,F1-L2,Factory 1,Petrol
833,City Hatchback,2023,F1-L1,Factory 1,Diesel
834,City Hatchback,2023,F1-L2,Factory 1,Petrol
835,Pickup Truck,2023,F3-L2,Factory 3,Diesel
836,City Hatchback,2023,F1-L1,Factory 1,Petrol
837,Compact Sedan,2023,F2-L1,Factory 2,Petrol
838,Electric Crossover,2023,F1-L2,Factory 1,Electric
839,Compact SUV,2023,F3-L1,Factory 3,Petrol
840,Compact SUV,2023,F2-L2,Factory 2,Petrol
841,Family SUV,2023,F3-L2,Factory 3,Petrol
842,Compact SUV,2023,F2-L2,Factory 2,Diesel
843,Family SUV,2023,F3-L2,Factory 3,Petrol
844,Compact SUV,2023,F3-L1,Factory 3,Petrol
845,Family SUV,2023,F3-L1,Factory 3,Petrol
846,Compact Sedan,2023,F2-L2,Factory 2,Petrol
847,Compact Sedan,2023,F2-L1,Factory 2,Diesel
848,Compact SUV,2023,F2-L2,Factory 2,Diesel
849,Compact SUV,2023,F3-L1,Factory 3,Diesel
850,Family SUV,2023,F3-L1,Factory 3,Hybrid
851,Pickup Truck,2023,F3-L2,Factory 3,Diesel
852,Compact SUV,2023,F2-L2,Factory 2,Petrol
853,Compact SUV,2023,F2-L2,Factory 2,Hybrid
854,City Hatchback,2023,F1-L2,Factory 1,Petrol
855,Compact Sedan,2023,F2-L2,Factory 2,Petrol
856,Compact Sedan,2023,F2-L1,Factory 2,Petrol
857,Compact SUV,2023,F2-L2,Factory 2,Hybrid
858,Pickup Truck,2023,F3-L2,Factory 3,Petrol
859,Compact SUV,2023,F3-L1,Factory 3,Petrol
860,City Hatchback,2023,F1-L1,Factory 1,Petrol
861,Compact Sedan,2023,F2-L1,Factory 2,Diesel
862,City Hatchback,2023,F1-L1,Factory 1,Petrol
863,City Hatchback,2023,F1-L1,Factory 1,Diesel
864,Electric Crossover,2023,F1-L2,Factory 1,Electric
865,Compact SUV,2023,F2-L2,Factory 2,Diesel
866,City Hatchback,2023,F1-L2,Factory 1,Hybrid
867,Compact Sedan,2023,F2-L2,Factory 2,Hybrid
868,Compact Sedan,2023,F2-L1,Factory 2,Diesel
869,Electric Crossover,2023,F1-L2,Factory 1,Electric
870,Compact SUV,2023,F2-L2,Factory 2,Petrol
871,Electric Crossover,2023,F1-L2,Factory 1,Electric
872,City Hatchback,2023,F1-L1,Factory 1,Hybrid
873,Family SUV,2023,F3-L1,Factory 3,Diesel
874,Compact SUV,2023,F2-L2,Factory 2,Diesel
875,Compact Sedan,2023,F2-L1,Factory 2,Petrol
876,Family SUV,2023,F3-L1,Factory 3,Diesel
877,Compact SUV,2023,F3-L1,Factory 3,Petrol
878,Family SUV,2023,F3-L2,Factory 3,Diesel
879,Electric Crossover,2023,F1-L2,Factory 1,Electric
880,Compact SUV,2023,F3-L1,Factory 3,Petrol
881,Compact Sedan,2023,F2-L2,Factory 2,Diesel
882,Compact Sedan,2023,F2-L1,Factory 2,Diesel
883,Compact SUV,2023,F2-L2,Factory 2,Hybrid
884,Compact Sedan,2023,F2-L1,Factory 2,Petrol
885,Family SUV,2023,F3-L2,Factory 3,Diesel
886,Compact Sedan,2023,F2-L2,Factory 2,Diesel
887,City Hatchback,2023,F1-L1,Factory 1,Petrol
888,Family SUV,2023,F3-L2,Factory 3,Hybrid
889,Family SUV,2023,F3-L2,Factory 3,Hybrid
890,Compact SUV,2023,F3-L1,Factory 3,Hybrid
891,Family SUV,2023,F3-L2,Factory 3,Petrol
892,Electric Crossover,2024,F1-L2,Factory 1,Electric
893,Pickup Truck,2024,F3-L2,Factory 3,Diesel
894,Compact SUV,2024,F3-L1,Factory 3,Petrol
895,Compact SUV,2024,F2-L2,Factory 2,Diesel
896,Compact SUV,2024,F3-L1,Factory 3,Diesel
897,Compact Sedan,2024,F2-L2,Factory 2,Diesel
898,Electric Crossover,2024,F1-L2,Factory 1,Electric
899,Compact SUV,2024,F2-L2,Factory 2,Petrol
900,Compact SUV,2024,F2-L2,Factory 2,Petrol
901,City Hatchback,2024,F1-L2,Factory 1,Petrol
902,Compact Sedan,2024,F2-L2,Factory 2,Petrol
903,Compact SUV,2024,F2-L2,Factory 2,Diesel
904,Compact SUV,2024,F3-L1,Factory 3,Hybrid
905,City Hatchback,2024,F1-L1,Factory 1,Petrol
906,Compact Sedan,2024,F2-L1,Factory 2,Petrol
907,Compact Sedan,2024,F2-L1,Factory 2,Diesel
908,Family SUV,2024,F3-L2,Factory 3,Diesel
909,City Hatchback,2024,F1-L1,Factory 1,Petrol
910,Compact SUV,2024,F2-L2,Factory 2,Diesel
911,Family SUV,2024,F3-L1,Factory 3,Petrol
912,Family SUV,2024,F3-L1,Factory 3,Petrol
913,City Hatchback,2024,F1-L1,Factory 1,Hybrid
914,Family SUV,2024,F3-L1,Factory 3,Hybrid
915,City Hatchback,2024,F1-L1,Factory 1,Hybrid
916,Family SUV,2024,F3-L2,Factory 3,Hybrid
917,Family SUV,2024,F3-L1,Factory 3,Diesel
918,Electric Crossover,2024,F1-L2,Factory 1,Electric
919,Compact Sedan,2024,F2-L1,Factory 2,Petrol
920,Compact Sedan,2024,F2-L2,Factory 2,Hybrid
921,Electric Crossover,2024,F1-L2,Factory 1,Electric
922,Compact Sedan,2024,F2-L2,Factory 2,Petrol
923,City Hatchback,2024,F1-L2,Factory 1,Petrol
924,Compact Sedan,2024,F2-L2,Factory 2,Petrol
925,City Hatchback,2024,F1-L2,Factory 1,Petrol
926,Electric Crossover,2024,F1-L2,Factory 1,Electric
927,Compact Sedan,2024,F2-L1,Factory 2,Hybrid
928,Compact Sedan,2024,F2-L2,Factory 2,Petrol
929,Electric Crossover,2024,F1-L2,Factory 1,Electric
930,Compact SUV,2024,F3-L1,Factory 3,Petrol
931,Compact Sedan,2024,F2-L1,Factory 2,Petrol
932,Compact SUV,2024,F2-L2,Factory 2,Petrol
933,City Hatchback,2024,F1-L2,Factory 1,Hybrid
934,Compact SUV,2024,F3-L1,Factory 3,Diesel
935,City Hatchback,2024,F1-L1,Factory 1,Petrol
936,Compact Sedan,2024,F2-L1,Factory 2,Petrol
937,Compact SUV,2024,F2-L2,Factory 2,Hybrid
938,Compact SUV,2024,F2-L2,Factory 2,Petrol
939,Compact Sedan,2024,F2-L2,Factory 2,Petrol
940,Compact SUV,2024,F2-L2,Factory 2,Diesel
941,Compact Sedan,2024,F2-L2,Factory 2,Petrol
942,Family SUV,2024,F3-L2,Factory 3,Petrol
943,Compact SUV,2024,F2-L2,Factory 2,Petrol
944,Electric Crossover,2024,F1-L2,Factory 1,Electric
945,Compact SUV,2024,F3-L1,Factory 3,Petrol
946,City Hatchback,2024,F1-L1,Factory 1,Petrol
947,City Hatchback,2024,F1-L1,Factory 1,Diesel
948,Compact SUV,2024,F3-L1,Factory 3,Hybrid
949,Compact SUV,2024,F3-L1,Factory 3,Hybrid
950,City Hatchback,2024,F1-L2,Factory 1,Diesel
951,Family SUV,2024,F3-L1,Factory 3,Diesel
952,City Hatchback,2024,F1-L2,Factory 1,Petrol
953,City Hatchback,2024,F1-L1,Factory 1,Petrol
954,City Hatchback,2024,F1-L2,Factory 1,Petrol
955,Electric Crossover,2024,F1-L2,Factory 1,Electric
956,Compact SUV,2024,F3-L1,Factory 3,Diesel
957,City Hatchback,2024,F1-L2,Factory 1,Petrol
958,Electric Crossover,2024,F1-L2,Factory 1,Electric
959,Pickup Truck,2024,F3-L2,Factory 3,Diesel
960,Compact Sedan,2024,F2-L1,Factory 2,Petrol
961,Compact Sedan,2024,F2-L2,Factory 2,Hybrid
962,Family SUV,2024,F3-L1,Factory 3,Petrol
963,Electric Crossover,2024,F1-L2,Factory 1,Electric
964,Compact Sedan,2024,F2-L1,Factory 2,Petrol
965,Compact SUV,2024,F3-L1,Factory 3,Hybrid
966,City Hatchback,2024,F1-L1,Factory 1,Diesel
967,Compact SUV,2024,F2-L2,Factory 2,Petrol
968,Electric Crossover,2024,F1-L2,Factory 1,Electric
969,Compact SUV,2024,F2-L2,Factory 2,Hybrid
970,Compact Sedan,2024,F2-L1,Factory 2,Diesel
971,Family SUV,2024,F3-L1,Factory 3,Petrol
972,Electric Crossover,2024,F1-L2,Factory 1,Electric
973,City Hatchback,2024,F1-L2,Factory 1,Hybrid
974,Family SUV,2024,F3-L1,Factory 3,Diesel
975,Family SUV,2024,F3-L2,Factory 3,Hybrid
976,Compact SUV,2024,F2-L2,Factory 2,Diesel
977,City Hatchback,2024,F1-L1,Factory 1,Petrol
978,Pickup Truck,2024,F3-L2,Factory 3,Diesel
979,Compact SUV,2024,F3-L1,Factory 3,Petrol
980,Compact SUV,2024,F3-L1,Factory 3,Hybrid
981,Family SUV,2024,F3-L2,Factory 3,Diesel
982,City Hatchback,2024,F1-L2,Factory 1,Diesel
983,City Hatchback,2024,F1-L2,Factory 1,Hybrid
984,Family SUV,2024,F3-L1,Factory 3,Diesel
985,Compact Sedan,2024,F2-L1,Factory 2,Petrol
986,Family SUV,2024,F3-L1,Factory 3,Diesel
987,Electric Crossover,2024,F1-L2,Factory 1,Electric
988,Family SUV,2024,F3-L1,Factory 3,Petrol
989,Family SUV,2024,F3-L2,Factory 3,Petrol
990,City Hatchback,2024,F1-L1,Factory 1,Petrol
991,Compact Sedan,2024,F2-L1,Factory 2,Diesel
992,Pickup Truck,2024,F3-L2,Factory 3,Diesel
993,Family SUV,2024,F3-L1,Factory 3,Petrol
994,City Hatchback,2024,F1-L1,Factory 1,Diesel
995,Family SUV,2024,F3-L2,Factory 3,Diesel
996,Compact Sedan,2024,F2-L1,Factory 2,Diesel
997,Family SUV,2024,F3-L2,Factory 3,Petrol
998,Compact SUV,2024,F3-L1,Factory 3,Hybrid
999,Pickup Truck,2024,F3-L2,Factory 3,Diesel
1000,Compact Sedan,2024,F2-L2,Factory 2,Petrol
1001,Electric Crossover,2024,F1-L2,Factory 1,Electric
1002,Compact Sedan,2024,F2-L2,Factory 2,Diesel
1003,City Hatchback,2024,F1-L1,Factory 1,Petrol
1004,Compact Sedan,2024,F2-L1,Factory 2,Diesel
1005,City Hatchback,2024,F1-L2,Factory 1,Petrol
1006,Electric Crossover,2024,F1-L2,Factory 1,Electric
1007,Compact SUV,2024,F3-L1,Factory 3,Diesel
1008,Electric Crossover,2024,F1-L2,Factory 1,Electric
1009,Compact SUV,2024,F3-L1,Factory 3,Diesel
1010,Compact SUV,2024,F3-L1,Factory 3,Diesel
1011,City Hatchback,2024,F1-L1,Factory 1,Diesel
1012,City Hatchback,2024,F1-L1,Factory 1,Petrol
1013,Compact SUV,2024,F3-L1,Factory 3,Diesel
1014,City Hatchback,2024,F1-L2,Factory 1,Hybrid
1015,City Hatchback,2024,F1-L1,Factory 1,Hybrid
1016,City Hatchback,2024,F1-L2,Factory 1,Petrol
1017,Compact Sedan,2024,F2-L2,Factory 2,Petrol
1018,Pickup Truck,2024,F3-L2,Factory 3,Diesel
1019,Compact Sedan,2024,F2-L2,Factory 2,Diesel
1020,City Hatchback,2024,F1-L1,Factory 1,Petrol
1021,Family SUV,2024,F3-L2,Factory 3,Hybrid
1022,City Hatchback,2024,F1-L2,Factory 1,Petrol
1023,Electric Crossover,2024,F1-L2,Factory 1,Electric
1024,Pickup Truck,2024,F3-L2,Factory 3,Diesel
1025,City Hatchback,2024,F1-L1,Factory 1,Petrol
1026,Compact Sedan,2024,F2-L1,Factory 2,Petrol
1027,Family SUV,2024,F3-L1,Factory 3,Hybrid
1028,Pickup Truck,2024,F3-L2,Factory 3,Diesel
1029,Compact Sedan,2024,F2-L2,Factory 2,Petrol
1030,Compact Sedan,2024,F2-L1,Factory 2,Petrol
1031,Compact SUV,2024,F2-L2,Factory 2,Diesel
1032,Compact SUV,2024,F3-L1,Factory 3,Diesel
1033,Compact Sedan,2024,F2-L1,Factory 2,Petrol
1034,Compact Sedan,2024,F2-L2,Factory 2,Hybrid
1035,Electric Crossover,2024,F1-L2,Factory 1,Electric
1036,Compact SUV,2024,F2-L2,Factory 2,Hybrid
1037,Electric Crossover,2024,F1-L2,Factory 1,Electric
1038,Compact Sedan,2024,F2-L1,Factory 2,Diesel
1039,Compact SUV,2024,F3-L1,Factory 3,Diesel
1040,City Hatchback,2024,F1-L2,Factory 1,Diesel
1041,Electric Crossover,2024,F1-L2,Factory 1,Electric
1042,Compact SUV,2024,F3-L1,Factory 3,Hybrid
1043,Compact Sedan,2024,F2-L1,Factory 2,Diesel
1044,Compact SUV,2024,F3-L1,Factory 3,Hybrid
1045,Electric Crossover,2024,F1-L2,Factory 1,Electric
1046,Family SUV,2024,F3-L1,Factory 3,Petrol
1047,Family SUV,2024,F3-L1,Factory 3,Diesel
1048,Compact SUV,2024,F2-L2,Factory 2,Petrol
1049,Family SUV,2024,F3-L2,Factory 3,Diesel
1050,Family SUV,2024,F3-L2,Factory 3,Hybrid
1051,Compact Sedan,2024,F2-L1,Factory 2,Hybrid
1052,Compact SUV,2024,F2-L2,Factory 2,Diesel
1053,Family SUV,2024,F3-L2,Factory 3,Petrol
1054,Compact SUV,2024,F3-L1,Factory 3,Diesel
1055,Pickup Truck,2024,F3-L2,Factory 3,Diesel
1056,Compact Sedan,2024,F2-L2,Factory 2,Petrol
1057,Electric Crossover,2024,F1-L2,Factory 1,Electric
1058,City Hatchback,2024,F1-L1,Factory 1,Petrol
1059,Family SUV,2024,F3-L1,Factory 3,Hybrid
1060,Electric Crossover,2024,F1-L2,Factory 1,Electric
1061,City Hatchback,2024,F1-L1,Factory 1,Petrol
1062,Compact SUV,2024,F3-L1,Factory 3,Diesel
1063,Compact SUV,2024,F2-L2,Factory 2,Petrol
1064,City Hatchback,2024,F1-L1,Factory 1,Hybrid
1065,Compact Sedan,2024,F2-L1,Factory 2,Petrol
1066,City Hatchback,2024,F1-L1,Factory 1,Petrol
1067,Family SUV,2024,F3-L2,Factory 3,Petrol
1068,Compact SUV,2024,F2-L2,Factory 2,Petrol
1069,Compact Sedan,2024,F2-L1,Factory 2,Petrol
1070,Compact SUV,2024,F2-L2,Factory 2,Diesel
1071,Family SUV,2024,F3-L1,Factory 3,Diesel
1072,Pickup Truck,2024,F3-L2,Factory 3,Diesel
1073,Compact Sedan,2024,F2-L1,Factory 2,Petrol
1074,Compact Sedan,2024,F2-L2,Factory 2,Petrol
1075,Electric Crossover,2024,F1-L2,Factory 1,Electric
1076,Family SUV,2024,F3-L1,Factory 3,Hybrid
1077,Compact SUV,2024,F3-L1,Factory 3,Diesel
1078,Compact SUV,2024,F2-L2,Factory 2,Petrol
1079,City Hatchback,2024,F1-L1,Factory 1,Petrol
1080,Family SUV,2024,F3-L1,Factory 3,Petrol
1081,City Hatchback,2024,F1-L2,Factory 1,Hybrid
1082,Compact SUV,2024,F3-L1,Factory 3,Hybrid
1083,Compact SUV,2024,F3-L1,Factory 3,Petrol
1084,Compact SUV,2024,F3-L1,Factory 3,Hybrid
1085,City Hatchback,2024,F1-L1,Factory 1,Petrol
1086,City Hatchback,2024,F1-L2,Factory 1,Petrol
1087,Compact Sedan,2024,F2-L1,Factory 2,Diesel
1088,Compact Sedan,2024,F2-L1,Factory 2,Diesel
1089,Compact SUV,2024,F3-L1,Factory 3,Petrol
1090,Family SUV,2024,F3-L2,Factory 3,Diesel
1091,Compact Sedan,2024,F2-L1,Factory 2,Petrol
1092,City Hatchback,2024,F1-L2,Factory 1,Petrol
1093,Compact SUV,2024,F3-L1,Factory 3,Petrol
1094,Compact SUV,2024,F2-L2,Factory 2,Petrol
1095,City Hatchback,2024,F1-L2,Factory 1,Petrol
1096,Family SUV,2024,F3-L1,Factory 3,Petrol
1097,Electric Crossover,2024,F1-L2,Factory 1,Electric
1098,Compact SUV,2024,F2-L2,Factory 2,Hybrid
1099,Compact SUV,2024,F3-L1,Factory 3,Hybrid
1100,City Hatchback,2024,F1-L1,Factory 1,Diesel
1101,Electric Crossover,2024,F1-L2,Factory 1,Electric
1102,Compact Sedan,2024,F2-L2,Factory 2,Petrol
1103,Compact Sedan,2024,F2-L1,Factory 2,Petrol
1104,Pickup Truck,2024,F3-L2,Factory 3,Petrol
1105,Family SUV,2024,F3-L2,Factory 3,Diesel
1106,City Hatchback,2024,F1-L1,Factory 1,Hybrid
1107,Compact Sedan,2024,F2-L1,Factory 2,Diesel
1108,Compact SUV,2024,F3-L1,Factory 3,Petrol
1109,Family SUV,2024,F3-L1,Factory 3,Hybrid
1110,Compact SUV,2024,F3-L1,Factory 3,Hybrid
1111,City Hatchback,2024,F1-L2,Factory 1,Petrol
1112,Compact SUV,2024,F3-L1,Factory 3,Petrol
1113,Compact Sedan,2024,F2-L1,Factory 2,Petrol
1114,Pickup Truck,2024,F3-L2,Factory 3,Diesel
1115,City Hatchback,2024,F1-L1,Factory 1,Petrol
1116,City Hatchback,2024,F1-L1,Factory 1,Petrol
1117,City Hatchback,2024,F1-L2,Factory 1,Petrol
1118,Compact SUV,2024,F3-L1,Factory 3,Diesel
1119,City Hatchback,2024,F1-L2,Factory 1,Hybrid
1120,Family SUV,2024,F3-L1,Factory 3,Hybrid
1121,Compact SUV,2024,F3-L1,Factory 3,Diesel
1122,Compact SUV,2024,F2-L2,Factory 2,Petrol
1123,Compact SUV,2024,F2-L2,Factory 2,Petrol
1124,Family SUV,2024,F3-L1,Factory 3,Diesel
1125,Compact Sedan,2024,F2-L1,Factory 2,Petrol
1126,Family SUV,2024,F3-L1,Factory 3,Petrol
1127,Compact SUV,2024,F3-L1,Factory 3,Hybrid
1128,Family SUV,2024,F3-L2,Factory 3,Diesel
1129,Pickup Truck,2024,F3-L2,Factory 3,Diesel
1130,Electric Crossover,2024,F1-L2,Factory 1,Electric
1131,Electric Crossover,2024,F1-L2,Factory 1,Electric
1132,Family SUV,2024,F3-L1,Factory 3,Hybrid
1133,Electric Crossover,2024,F1-L2,Factory 1,Electric
1134,Compact Sedan,2024,F2-L2,Factory 2,Diesel
1135,Family SUV,2024,F3-L1,Factory 3,Petrol
1136,Compact SUV,2024,F2-L2,Factory 2,Petrol
1137,Compact SUV,2024,F3-L1,Factory 3,Diesel
1138,Family SUV,2024,F3-L1,Factory 3,Diesel
1139,City Hatchback,2024,F1-L2,Factory 1,Petrol
1140,Electric Crossover,2024,F1-L2,Factory 1,Electric
1141,City Hatchback,2024,F1-L2,Factory 1,Petrol
1142,Compact SUV,2024,F3-L1,Factory 3,Petrol
1143,City Hatchback,2024,F1-L1,Factory 1,Petrol
1144,Compact SUV,2024,F2-L2,Factory 2,Hybrid
1145,Pickup Truck,2024,F3-L2,Factory 3,Diesel
1146,Compact Sedan,2024,F2-L1,Factory 2,Diesel
1147,City Hatchback,2024,F1-L2,Factory 1,Diesel
1148,Electric Crossover,2024,F1-L2,Factory 1,Electric
1149,Compact SUV,2024,F2-L2,Factory 2,Diesel
1150,Compact Sedan,2024,F2-L2,Factory 2,Hybrid
1151,Compact Sedan,2024,F2-L2,Factory 2,Diesel
1152,Pickup Truck,2024,F3-L2,Factory 3,Petrol
1153,City Hatchback,2024,F1-L1,Factory 1,Petrol
1154,Compact Sedan,2024,F2-L2,Factory 2,Diesel
1155,Compact SUV,2024,F3-L1,Factory 3,Hybrid
1156,Compact SUV,2024,F2-L2,Factory 2,Diesel
1157,Compact SUV,2024,F2-L2,Factory 2,Diesel
1158,Compact Sedan,2024,F2-L1,Factory 2,Hybrid
1159,City Hatchback,2024,F1-L2,Factory 1,Petrol
1160,Compact Sedan,2024,F2-L1,Factory 2,Petrol
1161,Compact Sedan,2024,F2-L1,Factory 2,Petrol
1162,Compact SUV,2024,F2-L2,Factory 2,Diesel
1163,Compact SUV,2024,F2-L2,Factory 2,Petrol
1164,Electric Crossover,2024,F1-L2,Factory 1,Electric
1165,Compact SUV,2024,F2-L2,Factory 2,Petrol
1166,Compact Sedan,2024,F2-L1,Factory 2,Petrol
1167,City Hatchback,2024,F1-L1,Factory 1,Hybrid
1168,Compact SUV,2024,F2-L2,Factory 2,Diesel
1169,Compact SUV,2024,F2-L2,Factory 2,Hybrid
1170,Compact SUV,2024,F3-L1,Factory 3,Petrol
1171,City Hatchback,2024,F1-L2,Factory 1,Hybrid
1172,Pickup Truck,2024,F3-L2,Factory 3,Diesel
1173,Electric Crossover,2024,F1-L2,Factory 1,Electric
1174,Compact SUV,2024,F3-L1,Factory 3,Diesel
1175,Family SUV,2024,F3-L1,Factory 3,Diesel
1176,Compact SUV,2024,F3-L1,Factory 3,Petrol
1177,Pickup Truck,2024,F3-L2,Factory 3,Diesel
1178,Family SUV,2024,F3-L2,Factory 3,Diesel
1179,Compact Sedan,2024,F2-L1,Factory 2,Diesel
1180,City Hatchback,2024,F1-L2,Factory 1,Petrol
1181,Compact Sedan,2024,F2-L1,Factory 2,Petrol
1182,Compact Sedan,2024,F2-L2,Factory 2,Petrol
1183,City Hatchback,2024,F1-L2,Factory 1,Petrol
1184,Compact SUV,2024,F3-L1,Factory 3,Hybrid
1185,City Hatchback,2024,F1-L1,Factory 1,Petrol
1186,Pickup Truck,2024,F3-L2,Factory 3,Petrol
1187,City Hatchback,2024,F1-L1,Factory 1,Petrol
1188,Pickup Truck,2024,F3-L2,Factory 3,Petrol
1189,Compact Sedan,2024,F2-L1,Factory 2,Petrol
1190,Electric Crossover,2024,F1-L2,Factory 1,Electric
1191,Compact SUV,2024,F2-L2,Factory 2,Petrol
1192,City Hatchback,2024,F1-L1,Factory 1,Petrol
1193,Compact SUV,2024,F3-L1,Factory 3,Petrol
1194,City Hatchback,2024,F1-L2,Factory 1,Petrol
1195,Compact SUV,2024,F2-L2,Factory 2,Hybrid
1196,Family SUV,2024,F3-L2,Factory 3,Diesel
1197,City Hatchback,2024,F1-L1,Factory 1,Petrol
1198,City Hatchback,2024,F1-L2,Factory 1,Petrol
1199,City Hatchback,2024,F1-L1,Factory 1,Petrol
1200,City Hatchback,2024,F1-L1,Factory 1,Hybrid
1201,City Hatchback,2024,F1-L2,Factory 1,Petrol
1202,City Hatchback,2024,F1-L1,Factory 1,Hybrid
1203,Pickup Truck,2024,F3-L2,Factory 3,Diesel
1204,Family SUV,2024,F3-L1,Factory 3,Diesel
1205,City Hatchback,2024,F1-L1,Factory 1,Petrol
1206,City Hatchback,2024,F1-L1,Factory 1,Diesel
1207,City Hatchback,2024,F1-L2,Factory 1,Petrol
1208,Compact Sedan,2024,F2-L1,Factory 2,Petrol
1209,Pickup Truck,2024,F3-L2,Factory 3,Petrol
1210,Compact SUV,2024,F2-L2,Factory 2,Diesel
1211,Compact SUV,2024,F3-L1,Factory 3,Diesel
1212,Electric Crossover,2024,F1-L2,Factory 1,Electric
1213,Compact SUV,2024,F2-L2,Factory 2,Petrol
1214,City Hatchback,2024,F1-L1,Factory 1,Petrol
1215,Family SUV,2024,F3-L1,Factory 3,Petrol
1216,Compact Sedan,2024,F2-L1,Factory 2,Petrol
1217,Compact SUV,2024,F2-L2,Factory 2,Diesel
1218,Compact SUV,2024,F3-L1,Factory 3,Petrol
1219,City Hatchback,2024,F1-L2,Factory 1,Petrol
1220,Family SUV,2024,F3-L2,Factory 3,Diesel
1221,City Hatchback,2024,F1-L1,Factory 1,Hybrid
1222,Family SUV,2024,F3-L2,Factory 3,Petrol
1223,Family SUV,2024,F3-L2,Factory 3,Hybrid
1224,Compact SUV,2024,F3-L1,Factory 3,Hybrid
1225,Compact Sedan,2024,F2-L2,Factory 2,Petrol
1226,Compact SUV,2024,F3-L1,Factory 3,Hybrid
1227,Compact SUV,2024,F3-L1,Factory 3,Petrol
1228,Compact Sedan,2024,F2-L1,Factory 2,Petrol
1229,Compact Sedan,2024,F2-L1,Factory 2,Hybrid
1230,Family SUV,2024,F3-L2,Factory 3,Diesel
1231,City Hatchback,2024,F1-L1,Factory 1,Petrol
1232,City Hatchback,2024,F1-L1,Factory 1,Petrol
1233,Compact SUV,2024,F2-L2,Factory 2,Diesel
1234,Family SUV,2024,F3-L2,Factory 3,Diesel
1235,Compact SUV,2024,F2-L2,Factory 2,Diesel
1236,City Hatchback,2024,F1-L1,Factory 1,Petrol
1237,City Hatchback,2024,F1-L2,Factory 1,Petrol
1238,Compact SUV,2024,F2-L2,Factory 2,Hybrid
1239,Compact SUV,2024,F2-L2,Factory 2,Hybrid
1240,Compact SUV,2024,F3-L1,Factory 3,Hybrid
1241,Pickup Truck,2024,F3-L2,Factory 3,Diesel
1242,Compact Sedan,2024,F2-L2,Factory 2,Petrol
1243,Family SUV,2024,F3-L1,Factory 3,Diesel
1244,Compact SUV,2024,F2-L2,Factory 2,Hybrid
1245,Compact SUV,2024,F3-L1,Factory 3,Petrol
1246,Compact Sedan,2024,F2-L1,Factory 2,Petrol
1247,Family SUV,2024,F3-L2,Factory 3,Petrol
1248,Pickup Truck,2024,F3-L2,Factory 3,Diesel
1249,Pickup Truck,2024,F3-L2,Factory 3,Diesel
1250,Compact SUV,2024,F2-L2,Factory 2,Diesel
1251,Family SUV,2024,F3-L1,Factory 3,Petrol
1252,City Hatchback,2024,F1-L2,Factory 1,Petrol
1253,Compact SUV,2024,F3-L1,Factory 3,Hybrid
1254,Pickup Truck,2024,F3-L2,Factory 3,Diesel
1255,City Hatchback,2024,F1-L2,Factory 1,Petrol
1256,Electric Crossover,2024,F1-L2,Factory 1,Electric
1257,Compact Sedan,2024,F2-L1,Factory 2,Hybrid
1258,City Hatchback,2024,F1-L1,Factory 1,Petrol
1259,City Hatchback,2024,F1-L1,Factory 1,Petrol
1260,Electric Crossover,2024,F1-L2,Factory 1,Electric
1261,Compact SUV,2024,F2-L2,Factory 2,Petrol
1262,Compact SUV,2024,F3-L1,Factory 3,Hybrid
1263,Compact SUV,2024,F2-L2,Factory 2,Hybrid
1264,Pickup Truck,2024,F3-L2,Factory 3,Diesel
1265,Compact Sedan,2024,F2-L1,Factory 2,Hybrid
1266,Electric Crossover,2024,F1-L2,Factory 1,Electric
1267,Compact SUV,2024,F3-L1,Factory 3,Petrol
1268,Compact Sedan,2024,F2-L2,Factory 2,Petrol
1269,City Hatchback,2024,F1-L2,Factory 1,Hybrid
1270,Family SUV,2024,F3-L1,Factory 3,Diesel
1271,Compact SUV,2024,F3-L1,Factory 3,Diesel
1272,Family SUV,2024,F3-L2,Factory 3,Diesel
1273,Compact SUV,2024,F2-L2,Factory 2,Diesel
1274,Compact SUV,2024,F3-L1,Factory 3,Diesel
1275,Compact SUV,2024,F2-L2,Factory 2,Diesel
1276,Compact SUV,2024,F3-L1,Factory 3,Diesel
1277,Compact SUV,2024,F2-L2,Factory 2,Diesel
1278,Pickup Truck,2024,F3-L2,Factory 3,Diesel
1279,Compact Sedan,2024,F2-L1,Factory 2,Petrol
1280,City Hatchback,2024,F1-L1,Factory 1,Petrol
1281,Compact SUV,2024,F3-L1,Factory 3,Petrol
1282,City Hatchback,2024,F1-L2,Factory 1,Petrol
1283,Family SUV,2024,F3-L2,Factory 3,Diesel
1284,Family SUV,2024,F3-L1,Factory 3,Petrol
1285,Compact Sedan,2024,F2-L2,Factory 2,Petrol
1286,Electric Crossover,2024,F1-L2,Factory 1,Electric
1287,Compact Sedan,2024,F2-L2,Factory 2,Petrol
1288,Family SUV,2024,F3-L1,Factory 3,Diesel
1289,Compact Sedan,2024,F2-L2,Factory 2,Diesel
1290,Compact SUV,2024,F3-L1,Factory 3,Hybrid
1291,Compact SUV,2024,F3-L1,Factory 3,Petrol
1292,Compact Sedan,2024,F2-L1,Factory 2,Diesel
1293,City Hatchback,2024,F1-L2,Factory 1,Petrol
1294,City Hatchback,2024,F1-L1,Factory 1,Petrol
1295,Compact SUV,2024,F2-L2,Factory 2,Diesel
1296,Family SUV,2024,F3-L2,Factory 3,Petrol
1297,Compact Sedan,2024,F2-L1,Factory 2,Hybrid
1298,City Hatchback,2024,F1-L1,Factory 1,Hybrid
1299,Compact SUV,2024,F3-L1,Factory 3,Diesel
1300,Compact Sedan,2024,F2-L2,Factory 2,Hybrid
1301,City Hatchback,2024,F1-L2,Factory 1,Hybrid
1302,Pickup Truck,2024,F3-L2,Factory 3,Diesel
1303,Compact Sedan,2024,F2-L2,Factory 2,Petrol
1304,Compact Sedan,2024,F2-L2,Factory 2,Diesel
1305,Pickup Truck,2024,F3-L2,Factory 3,Diesel
1306,Compact Sedan,2024,F2-L2,Factory 2,Petrol
1307,Family SUV,2024,F3-L2,Factory 3,Diesel
1308,Compact Sedan,2024,F2-L1,Factory 2,Petrol
1309,Compact SUV,2024,F3-L1,Factory 3,Petrol
1310,Compact Sedan,2024,F2-L2,Factory 2,Petrol
1311,City Hatchback,2024,F1-L2,Factory 1,Petrol
1312,Compact Sedan,2024,F2-L2,Factory 2,Hybrid
1313,Compact SUV,2024,F2-L2,Factory 2,Diesel
1314,Compact SUV,2024,F3-L1,Factory 3,Diesel
1315,City Hatchback,2024,F1-L1,Factory 1,Petrol
1316,Compact SUV,2024,F2-L2,Factory 2,Diesel
1317,Compact SUV,2024,F2-L2,Factory 2,Diesel
1318,Compact SUV,2024,F2-L2,Factory 2,Petrol
1319,Electric Crossover,2024,F1-L2,Factory 1,Electric
1320,Electric Crossover,2024,F1-L2,Factory 1,Electric
1321,Compact Sedan,2024,F2-L2,Factory 2,Petrol
1322,Compact SUV,2024,F2-L2,Factory 2,Diesel
1323,City Hatchback,2024,F1-L2,Factory 1,Petrol
1324,City Hatchback,2024,F1-L1,Factory 1,Hybrid
1325,Compact SUV,2024,F3-L1,Factory 3,Hybrid
1326,City Hatchback,2024,F1-L1,Factory 1,Petrol
1327,Family SUV,2024,F3-L2,Factory 3,Petrol
1328,Compact Sedan,2024,F2-L2,Factory 2,Diesel
1329,Compact Sedan,2024,F2-L2,Factory 2,Petrol
1330,Compact Sedan,2024,F2-L2,Factory 2,Diesel
1331,Compact SUV,2024,F2-L2,Factory 2,Petrol
1332,City Hatchback,2024,F1-L1,Factory 1,Petrol
1333,City Hatchback,2024,F1-L2,Factory 1,Petrol
1334,City Hatchback,2024,F1-L2,Factory 1,Petrol
1335,Compact SUV,2024,F2-L2,Factory 2,Diesel
1336,City Hatchback,2024,F1-L2,Factory 1,Petrol
1337,Compact Sedan,2024,F2-L1,Factory 2,Hybrid
1338,Compact Sedan,2024,F2-L1,Factory 2,Petrol
1339,Electric Crossover,2024,F1-L2,Factory 1,Electric
1340,City Hatchback,2024,F1-L1,Factory 1,Petrol
1341,Compact SUV,2024,F2-L2,Factory 2,Petrol
1342,Electric Crossover,2024,F1-L2,Factory 1,Electric
1343,Compact SUV,2024,F2-L2,Factory 2,Petrol
1344,Electric Crossover,2024,F1-L2,Factory 1,Electric
1345,Pickup Truck,2024,F3-L2,Factory 3,Diesel
1346,Compact Sedan,2024,F2-L2,Factory 2,Petrol
1347,Compact SUV,2024,F2-L2,Factory 2,Petrol
1348,City Hatchback,2024,F1-L2,Factory 1,Petrol
1349,Compact Sedan,2024,F2-L1,Factory 2,Diesel
1350,City Hatchback,2024,F1-L2,Factory 1,Diesel
1351,City Hatchback,2024,F1-L1,Factory 1,Petrol
1352,Pickup Truck,2024,F3-L2,Factory 3,Diesel
1353,City Hatchback,2024,F1-L1,Factory 1,Petrol
1354,Compact Sedan,2024,F2-L1,Factory 2,Diesel
1355,Electric Crossover,2024,F1-L2,Factory 1,Electric
1356,Pickup Truck,2024,F3-L2,Factory 3,Diesel
1357,Compact SUV,2024,F3-L1,Factory 3,Petrol
1358,Pickup Truck,2024,F3-L2,Factory 3,Petrol
1359,Electric Crossover,2024,F1-L2,Factory 1,Electric
1360,City Hatchback,2024,F1-L1,Factory 1,Petrol
1361,Compact SUV,2024,F2-L2,Factory 2,Diesel
1362,Electric Crossover,2024,F1-L2,Factory 1,Electric
1363,Compact SUV,2024,F3-L1,Factory 3,Diesel
1364,Pickup Truck,2024,F3-L2,Factory 3,Diesel
1365,City Hatchback,2024,F1-L2,Factory 1,Diesel
1366,Electric Crossover,2024,F1-L2,Factory 1,Electric
1367,Compact SUV,2024,F3-L1,Factory 3,Hybrid
1368,Compact SUV,2024,F3-L1,Factory 3,Diesel
1369,Compact SUV,2024,F3-L1,Factory 3,Petrol
1370,Compact Sedan,2024,F2-L1,Factory 2,Petrol
1371,Electric Crossover,2024,F1-L2,Factory 1,Electric
1372,Compact Sedan,2024,F2-L2,Factory 2,Petrol
1373,City Hatchback,2024,F1-L2,Factory 1,Petrol
1374,Electric Crossover,2024,F1-L2,Factory 1,Electric
1375,Family SUV,2024,F3-L2,Factory 3,Diesel
1376,Compact Sedan,2024,F2-L2,Factory 2,Diesel
1377,City Hatchback,2024,F1-L2,Factory 1,Petrol
1378,Family SUV,2024,F3-L2,Factory 3,Hybrid
1379,Electric Crossover,2024,F1-L2,Factory 1,Electric
1380,Family SUV,2024,F3-L1,Factory 3,Diesel
1381,Pickup Truck,2024,F3-L2,Factory 3,Diesel
1382,Pickup Truck,2024,F3-L2,Factory 3,Diesel
1383,Family SUV,2024,F3-L2,Factory 3,Petrol
1384,Family SUV,2024,F3-L1,Factory 3,Petrol
1385,Electric Crossover,2024,F1-L2,Factory 1,Electric
1386,Pickup Truck,2024,F3-L2,Factory 3,Diesel
1387,Electric Crossover,2024,F1-L2,Factory 1,Electric
1388,Pickup Truck,2024,F3-L2,Factory 3,Diesel
1389,Family SUV,2024,F3-L1,Factory 3,Petrol
1390,Compact SUV,2024,F2-L2,Factory 2,Petrol
1391,Family SUV,2024,F3-L1,Factory 3,Hybrid
1392,Family SUV,2024,F3-L2,Factory 3,Diesel
1393,Pickup Truck,2024,F3-L2,Factory 3,Petrol
1394,Electric Crossover,2024,F1-L2,Factory 1,Electric
1395,Compact Sedan,2024,F2-L2,Factory 2,Petrol
1396,Compact SUV,2024,F3-L1,Factory 3,Petrol
1397,Electric Crossover,2024,F1-L2,Factory 1,Electric
1398,Compact SUV,2024,F2-L2,Factory 2,Petrol
1399,Compact SUV,2024,F2-L2,Factory 2,Petrol
1400,Compact Sedan,2024,F2-L1,Factory 2,Petrol
1401,Compact SUV,2024,F2-L2,Factory 2,Hybrid
1402,Compact Sedan,2024,F2-L1,Factory 2,Diesel
1403,Electric Crossover,2024,F1-L2,Factory 1,Electric
1404,Family SUV,2024,F3-L1,Factory 3,Diesel
1405,Compact Sedan,2024,F2-L2,Factory 2,Petrol
1406,Compact Sedan,2024,F2-L2,Factory 2,Diesel
1407,Compact Sedan,2024,F2-L1,Factory 2,Diesel
1408,Pickup Truck,2024,F3-L2,Factory 3,Diesel
1409,Compact SUV,2024,F3-L1,Factory 3,Diesel
1410,City Hatchback,2024,F1-L1,Factory 1,Petrol
1411,City Hatchback,2024,F1-L2,Factory 1,Diesel
1412,City Hatchback,2024,F1-L1,Factory 1,Petrol
1413,Family SUV,2024,F3-L1,Factory 3,Diesel
1414,Family SUV,2024,F3-L2,Factory 3,Diesel
1415,Compact Sedan,2024,F2-L1,Factory 2,Petrol
1416,Compact Sedan,2024,F2-L1,Factory 2,Petrol
1417,Electric Crossover,2024,F1-L2,Factory 1,Electric
1418,City Hatchback,2024,F1-L2,Factory 1,Petrol
1419,Compact Sedan,2024,F2-L1,Factory 2,Diesel
1420,Compact Sedan,2024,F2-L1,Factory 2,Diesel
1421,City Hatchback,2024,F1-L2,Factory 1,Diesel
1422,Compact SUV,2024,F3-L1,Factory 3,Petrol
1423,Pickup Truck,2024,F3-L2,Factory 3,Petrol
1424,Electric Crossover,2024,F1-L2,Factory 1,Electric
1425,City Hatchback,2024,F1-L1,Factory 1,Hybrid
1426,Family SUV,2024,F3-L1,Factory 3,Diesel
1427,Compact Sedan,2024,F2-L1,Factory 2,Hybrid
1428,Family SUV,2024,F3-L2,Factory 3,Diesel
1429,Pickup Truck,2024,F3-L2,Factory 3,Diesel
1430,Compact Sedan,2024,F2-L1,Factory 2,Petrol
1431,Family SUV,2024,F3-L1,Factory 3,Hybrid
1432,Family SUV,2024,F3-L2,Factory 3,Diesel
1433,Compact Sedan,2024,F2-L1,Factory 2,Diesel
1434,City Hatchback,2024,F1-L2,Factory 1,Petrol
1435,Compact SUV,2024,F3-L1,Factory 3,Petrol
1436,Compact Sedan,2024,F2-L1,Factory 2,Petrol
1437,City Hatchback,2024,F1-L2,Factory 1,Petrol
1438,Compact Sedan,2024,F2-L1,Factory 2,Petrol
1439,Compact SUV,2024,F3-L1,Factory 3,Petrol
1440,City Hatchback,2024,F1-L1,Factory 1,Petrol
1441,City Hatchback,2024,F1-L2,Factory 1,Petrol
1442,Pickup Truck,2024,F3-L2,Factory 3,Diesel
1443,Compact SUV,2024,F3-L1,Factory 3,Petrol
1444,Compact SUV,2025,F3-L1,Factory 3,Petrol
1445,Compact SUV,2025,F2-L2,Factory 2,Petrol
1446,City Hatchback,2025,F1-L2,Factory 1,Petrol
1447,Compact Sedan,2025,F2-L1,Factory 2,Petrol
1448,Pickup Truck,2025,F3-L2,Factory 3,Diesel
1449,Compact Sedan,2025,F2-L1,Factory 2,Petrol
1450,Pickup Truck,2025,F3-L2,Factory 3,Diesel
1451,Electric Crossover,2025,F1-L2,Factory 1,Electric
1452,City Hatchback,2025,F1-L2,Factory 1,Petrol
1453,Compact SUV,2025,F2-L2,Factory 2,Petrol
1454,Compact Sedan,2025,F2-L1,Factory 2,Diesel
1455,Compact Sedan,2025,F2-L2,Factory 2,Petrol
1456,Family SUV,2025,F3-L2,Factory 3,Hybrid
1457,City Hatchback,2025,F1-L1,Factory 1,Hybrid
1458,City Hatchback,2025,F1-L2,Factory 1,Petrol
1459,Compact Sedan,2025,F2-L2,Factory 2,Petrol
1460,Family SUV,2025,F3-L1,Factory 3,Diesel
1461,Family SUV,2025,F3-L1,Factory 3,Petrol
1462,City Hatchback,2025,F1-L1,Factory 1,Petrol
1463,Compact SUV,2025,F2-L2,Factory 2,Petrol
1464,Compact Sedan,2025,F2-L2,Factory 2,Hybrid
1465,Family SUV,2025,F3-L2,Factory 3,Diesel
1466,Electric Crossover,2025,F1-L2,Factory 1,Electric
1467,Family SUV,2025,F3-L2,Factory 3,Diesel
1468,Compact Sedan,2025,F2-L1,Factory 2,Hybrid
1469,City Hatchback,2025,F1-L2,Factory 1,Petrol
1470,Compact Sedan,2025,F2-L1,Factory 2,Diesel
1471,Family SUV,2025,F3-L1,Factory 3,Petrol
1472,Compact Sedan,2025,F2-L2,Factory 2,Petrol
1473,Family SUV,2025,F3-L2,Factory 3,Hybrid
1474,Electric Crossover,2025,F1-L2,Factory 1,Electric
1475,Compact SUV,2025,F2-L2,Factory 2,Petrol
1476,City Hatchback,2025,F1-L2,Factory 1,Petrol
1477,Compact Sedan,2025,F2-L2,Factory 2,Diesel
1478,Compact Sedan,2025,F2-L1,Factory 2,Hybrid
1479,Family SUV,2025,F3-L2,Factory 3,Hybrid
1480,Compact SUV,2025,F3-L1,Factory 3,Diesel
1481,Compact Sedan,2025,F2-L2,Factory 2,Diesel
1482,Family SUV,2025,F3-L1,Factory 3,Hybrid
1483,Family SUV,2025,F3-L2,Factory 3,Diesel
1484,Electric Crossover,2025,F1-L2,Factory 1,Electric
1485,Compact SUV,2025,F3-L1,Factory 3,Diesel
1486,Electric Crossover,2025,F1-L2,Factory 1,Electric
1487,Pickup Truck,2025,F3-L2,Factory 3,Diesel
1488,Family SUV,2025,F3-L1,Factory 3,Diesel
1489,Compact SUV,2025,F2-L2,Factory 2,Hybrid
1490,Family SUV,2025,F3-L2,Factory 3,Diesel
1491,Compact SUV,2025,F2-L2,Factory 2,Petrol
1492,Pickup Truck,2025,F3-L2,Factory 3,Petrol
1493,Compact Sedan,2025,F2-L1,Factory 2,Petrol
1494,City Hatchback,2025,F1-L2,Factory 1,Petrol
1495,Pickup Truck,2025,F3-L2,Factory 3,Diesel
1496,Compact SUV,2025,F3-L1,Factory 3,Petrol
1497,Compact Sedan,2025,F2-L2,Factory 2,Diesel
1498,Electric Crossover,2025,F1-L2,Factory 1,Electric
1499,Pickup Truck,2025,F3-L2,Factory 3,Diesel
1500,Compact SUV,2025,F3-L1,Factory 3,Petrol
1501,Compact SUV,2025,F3-L1,Factory 3,Diesel
1502,City Hatchback,2025,F1-L1,Factory 1,Petrol
1503,Family SUV,2025,F3-L1,Factory 3,Petrol
1504,City Hatchback,2025,F1-L2,Factory 1,Petrol
1505,Compact Sedan,2025,F2-L2,Factory 2,Diesel
1506,Compact SUV,2025,F3-L1,Factory 3,Diesel
1507,City Hatchback,2025,F1-L1,Factory 1,Petrol
1508,City Hatchback,2025,F1-L2,Factory 1,Hybrid
1509,Pickup Truck,2025,F3-L2,Factory 3,Diesel
1510,City Hatchback,2025,F1-L1,Factory 1,Petrol
1511,Electric Crossover,2025,F1-L2,Factory 1,Electric
1512,Pickup Truck,2025,F3-L2,Factory 3,Diesel
1513,City Hatchback,2025,F1-L2,Factory 1,Petrol
1514,Compact SUV,2025,F3-L1,Factory 3,Hybrid
1515,Compact Sedan,2025,F2-L1,Factory 2,Petrol
1516,Compact SUV,2025,F3-L1,Factory 3,Petrol
1517,Electric Crossover,2025,F1-L2,Factory 1,Electric
1518,Family SUV,2025,F3-L1,Factory 3,Diesel
1519,City Hatchback,2025,F1-L1,Factory 1,Petrol
1520,Family SUV,2025,F3-L1,Factory 3,Diesel
1521,Electric Crossover,2025,F1-L2,Factory 1,Electric
1522,City Hatchback,2025,F1-L2,Factory 1,Petrol
1523,City Hatchback,2025,F1-L1,Factory 1,Petrol
1524,Compact SUV,2025,F3-L1,Factory 3,Petrol
1525,Family SUV,2025,F3-L1,Factory 3,Diesel
1526,City Hatchback,2025,F1-L2,Factory 1,Petrol
1527,Compact Sedan,2025,F2-L1,Factory 2,Hybrid
1528,Electric Crossover,2025,F1-L2,Factory 1,Electric
1529,Compact Sedan,2025,F2-L1,Factory 2,Hybrid
1530,Compact SUV,2025,F2-L2,Factory 2,Petrol
1531,Family SUV,2025,F3-L1,Factory 3,Petrol
1532,Compact Sedan,2025,F2-L2,Factory 2,Diesel
1533,Family SUV,2025,F3-L2,Factory 3,Petrol
1534,City Hatchback,2025,F1-L1,Factory 1,Hybrid
1535,Compact SUV,2025,F3-L1,Factory 3,Petrol
1536,Electric Crossover,2025,F1-L2,Factory 1,Electric
1537,Compact Sedan,2025,F2-L1,Factory 2,Petrol
1538,Family SUV,2025,F3-L1,Factory 3,Hybrid
1539,Compact SUV,2025,F3-L1,Factory 3,Diesel
1540,Pickup Truck,2025,F3-L2,Factory 3,Petrol
1541,Electric Crossover,2025,F1-L2,Factory 1,Electric
1542,Compact SUV,2025,F2-L2,Factory 2,Hybrid
1543,City Hatchback,2025,F1-L1,Factory 1,Petrol
1544,Pickup Truck,2025,F3-L2,Factory 3,Diesel
1545,Compact Sedan,2025,F2-L2,Factory 2,Diesel
1546,City Hatchback,2025,F1-L1,Factory 1,Diesel
1547,Family SUV,2025,F3-L1,Factory 3,Petrol
1548,Electric Crossover,2025,F1-L2,Factory 1,Electric
1549,City Hatchback,2025,F1-L1,Factory 1,Hybrid
1550,Electric Crossover,2025,F1-L2,Factory 1,Electric
1551,City Hatchback,2025,F1-L1,Factory 1,Diesel
1552,Compact Sedan,2025,F2-L1,Factory 2,Petrol
1553,Pickup Truck,2025,F3-L2,Factory 3,Diesel
1554,Compact Sedan,2025,F2-L1,Factory 2,Hybrid
1555,Compact SUV,2025,F2-L2,Factory 2,Petrol
1556,Compact SUV,2025,F3-L1,Factory 3,Petrol
1557,Compact Sedan,2025,F2-L1,Factory 2,Petrol
1558,City Hatchback,2025,F1-L2,Factory 1,Petrol
1559,Compact SUV,2025,F2-L2,Factory 2,Diesel
1560,Compact SUV,2025,F3-L1,Factory 3,Petrol
1561,City Hatchback,2025,F1-L1,Factory 1,Petrol
1562,City Hatchback,2025,F1-L1,Factory 1,Petrol
1563,Family SUV,2025,F3-L2,Factory 3,Diesel
1564,Compact Sedan,2025,F2-L1,Factory 2,Diesel
1565,Compact SUV,2025,F2-L2,Factory 2,Petrol
1566,Compact SUV,2025,F2-L2,Factory 2,Petrol
1567,City Hatchback,2025,F1-L1,Factory 1,Petrol
1568,Electric Crossover,2025,F1-L2,Factory 1,Electric
1569,Family SUV,2025,F3-L2,Factory 3,Diesel
1570,Family SUV,2025,F3-L1,Factory 3,Diesel
1571,Family SUV,2025,F3-L2,Factory 3,Petrol
1572,City Hatchback,2025,F1-L2,Factory 1,Hybrid
1573,Compact SUV,2025,F3-L1,Factory 3,Hybrid
1574,Electric Crossover,2025,F1-L2,Factory 1,Electric
1575,Family SUV,2025,F3-L2,Factory 3,Diesel
1576,City Hatchback,2025,F1-L2,Factory 1,Petrol
1577,City Hatchback,2025,F1-L2,Factory 1,Diesel
1578,City Hatchback,2025,F1-L2,Factory 1,Petrol
1579,Compact Sedan,2025,F2-L1,Factory 2,Hybrid
1580,City Hatchback,2025,F1-L2,Factory 1,Petrol
1581,Family SUV,2025,F3-L2,Factory 3,Petrol
1582,City Hatchback,2025,F1-L2,Factory 1,Petrol
1583,Compact SUV,2025,F3-L1,Factory 3,Diesel
1584,Compact Sedan,2025,F2-L2,Factory 2,Hybrid
1585,City Hatchback,2025,F1-L2,Factory 1,Hybrid
1586,Compact Sedan,2025,F2-L2,Factory 2,Hybrid
1587,Compact Sedan,2025,F2-L2,Factory 2,Petrol
1588,Family SUV,2025,F3-L1,Factory 3,Petrol
1589,City Hatchback,2025,F1-L2,Factory 1,Petrol
1590,Electric Crossover,2025,F1-L2,Factory 1,Electric
1591,Family SUV,2025,F3-L2,Factory 3,Petrol
1592,Pickup Truck,2025,F3-L2,Factory 3,Diesel
1593,City Hatchback,2025,F1-L1,Factory 1,Petrol
1594,Pickup Truck,2025,F3-L2,Factory 3,Diesel
1595,Electric Crossover,2025,F1-L2,Factory 1,Electric
1596,Compact SUV,2025,F2-L2,Factory 2,Diesel
1597,City Hatchback,2025,F1-L1,Factory 1,Petrol
1598,Compact SUV,2025,F3-L1,Factory 3,Petrol
1599,Family SUV,2025,F3-L2,Factory 3,Diesel
1600,City Hatchback,2025,F1-L2,Factory 1,Petrol
1601,Pickup Truck,2025,F3-L2,Factory 3,Diesel
1602,Electric Crossover,2025,F1-L2,Factory 1,Electric
1603,Compact Sedan,2025,F2-L1,Factory 2,Diesel
1604,Electric Crossover,2025,F1-L2,Factory 1,Electric
1605,Compact SUV,2025,F2-L2,Factory 2,Diesel
1606,Compact SUV,2025,F2-L2,Factory 2,Petrol
1607,Compact SUV,2025,F3-L1,Factory 3,Diesel
1608,Compact SUV,2025,F3-L1,Factory 3,Hybrid
1609,City Hatchback,2025,F1-L2,Factory 1,Hybrid
1610,Compact SUV,2025,F2-L2,Factory 2,Petrol
1611,City Hatchback,2025,F1-L1,Factory 1,Petrol
1612,City Hatchback,2025,F1-L1,Factory 1,Petrol
1613,Electric Crossover,2025,F1-L2,Factory 1,Electric
1614,Electric Crossover,2025,F1-L2,Factory 1,Electric
1615,Family SUV,2025,F3-L2,Factory 3,Diesel
1616,Compact Sedan,2025,F2-L1,Factory 2,Diesel
1617,Family SUV,2025,F3-L2,Factory 3,Diesel
1618,Compact SUV,2025,F2-L2,Factory 2,Diesel
1619,Compact SUV,2025,F2-L2,Factory 2,Hybrid
1620,Compact Sedan,2025,F2-L2,Factory 2,Petrol
1621,City Hatchback,2025,F1-L1,Factory 1,Petrol
1622,City Hatchback,2025,F1-L1,Factory 1,Petrol
1623,Compact Sedan,2025,F2-L2,Factory 2,Diesel
1624,Electric Crossover,2025,F1-L2,Factory 1,Electric
1625,Electric Crossover,2025,F1-L2,Factory 1,Electric
1626,Electric Crossover,2025,F1-L2,Factory 1,Electric
1627,Compact Sedan,2025,F2-L1,Factory 2,Petrol
1628,Family SUV,2025,F3-L2,Factory 3,Diesel
1629,Family SUV,2025,F3-L1,Factory 3,Petrol
1630,Compact SUV,2025,F3-L1,Factory 3,Hybrid
1631,Pickup Truck,2025,F3-L2,Factory 3,Diesel
1632,Pickup Truck,2025,F3-L2,Factory 3,Diesel
1633,City Hatchback,2025,F1-L2,Factory 1,Petrol
1634,Compact SUV,2025,F3-L1,Factory 3,Diesel
1635,Electric Crossover,2025,F1-L2,Factory 1,Electric
1636,Compact Sedan,2025,F2-L2,Factory 2,Diesel
1637,Family SUV,2025,F3-L2,Factory 3,Petrol
1638,Family SUV,2025,F3-L2,Factory 3,Diesel
1639,Compact SUV,2025,F3-L1,Factory 3,Petrol
1640,City Hatchback,2025,F1-L2,Factory 1,Hybrid
1641,Electric Crossover,2025,F1-L2,Factory 1,Electric
1642,City Hatchback,2025,F1-L2,Factory 1,Diesel
1643,City Hatchback,2025,F1-L1,Factory 1,Petrol
1644,City Hatchback,2025,F1-L2,Factory 1,Petrol
1645,Compact Sedan,2025,F2-L1,Factory 2,Hybrid
1646,City Hatchback,2025,F1-L2,Factory 1,Petrol
1647,Family SUV,2025,F3-L2,Factory 3,Hybrid
1648,Compact Sedan,2025,F2-L1,Factory 2,Petrol
1649,Compact Sedan,2025,F2-L2,Factory 2,Diesel
1650,City Hatchback,2025,F1-L2,Factory 1,Petrol
1651,Compact Sedan,2025,F2-L2,Factory 2,Diesel
1652,City Hatchback,2025,F1-L2,Factory 1,Petrol
1653,Compact Sedan,2025,F2-L2,Factory 2,Hybrid
1654,City Hatchback,2025,F1-L2,Factory 1,Hybrid
1655,Compact SUV,2025,F3-L1,Factory 3,Diesel
1656,Compact SUV,2025,F3-L1,Factory 3,Diesel
1657,Family SUV,2025,F3-L2,Factory 3,Diesel
1658,Pickup Truck,2025,F3-L2,Factory 3,Petrol
1659,City Hatchback,2025,F1-L2,Factory 1,Petrol
1660,Compact SUV,2025,F3-L1,Factory 3,Petrol
1661,Compact SUV,2025,F2-L2,Factory 2,Hybrid
1662,City Hatchback,2025,F1-L1,Factory 1,Petrol
1663,Electric Crossover,2025,F1-L2,Factory 1,Electric
1664,City Hatchback,2025,F1-L1,Factory 1,Petrol
1665,City Hatchback,2025,F1-L2,Factory 1,Petrol
1666,Compact SUV,2025,F2-L2,Factory 2,Petrol
1667,Family SUV,2025,F3-L2,Factory 3,Diesel
1668,Compact SUV,2025,F2-L2,Factory 2,Diesel
1669,Compact SUV,2025,F3-L1,Factory 3,Petrol
1670,Compact SUV,2025,F2-L2,Factory 2,Diesel
1671,City Hatchback,2025,F1-L1,Factory 1,Hybrid
1672,Compact SUV,2025,F2-L2,Factory 2,Diesel
1673,Compact SUV,2025,F3-L1,Factory 3,Petrol
1674,Pickup Truck,2025,F3-L2,Factory 3,Diesel
1675,Compact SUV,2025,F2-L2,Factory 2,Diesel
1676,Compact SUV,2025,F2-L2,Factory 2,Hybrid
1677,Compact SUV,2025,F2-L2,Factory 2,Diesel
1678,City Hatchback,2025,F1-L2,Factory 1,Petrol
1679,Compact SUV,2025,F3-L1,Factory 3,Hybrid
1680,Family SUV,2025,F3-L2,Factory 3,Diesel
1681,Compact SUV,2025,F3-L1,Factory 3,Diesel
1682,Electric Crossover,2025,F1-L2,Factory 1,Electric
1683,Compact Sedan,2025,F2-L1,Factory 2,Petrol
1684,Family SUV,2025,F3-L2,Factory 3,Petrol
1685,Electric Crossover,2025,F1-L2,Factory 1,Electric
1686,Compact Sedan,2025,F2-L1,Factory 2,Petrol
1687,Pickup Truck,2025,F3-L2,Factory 3,Petrol
1688,Pickup Truck,2025,F3-L2,Factory 3,Diesel
1689,Compact Sedan,2025,F2-L2,Factory 2,Petrol
1690,Compact Sedan,2025,F2-L1,Factory 2,Diesel
1691,Compact SUV,2025,F3-L1,Factory 3,Petrol
1692,City Hatchback,2025,F1-L1,Factory 1,Petrol
1693,Compact SUV,2025,F3-L1,Factory 3,Petrol
1694,City Hatchback,2025,F1-L1,Factory 1,Petrol
1695,Electric Crossover,2025,F1-L2,Factory 1,Electric
1696,City Hatchback,2025,F1-L2,Factory 1,Petrol
1697,Compact SUV,2025,F2-L2,Factory 2,Petrol
1698,Family SUV,2025,F3-L2,Factory 3,Diesel
1699,City Hatchback,2025,F1-L2,Factory 1,Petrol
1700,City Hatchback,2025,F1-L2,Factory 1,Hybrid
1701,Compact Sedan,2025,F2-L2,Factory 2,Diesel
1702,Family SUV,2025,F3-L1,Factory 3,Diesel
1703,Compact SUV,2025,F2-L2,Factory 2,Diesel
1704,City Hatchback,2025,F1-L2,Factory 1,Petrol
1705,City Hatchback,2025,F1-L1,Factory 1,Hybrid
1706,City Hatchback,2025,F1-L2,Factory 1,Petrol
1707,Electric Crossover,2025,F1-L2,Factory 1,Electric
1708,Electric Crossover,2025,F1-L2,Factory 1,Electric
1709,Compact SUV,2025,F3-L1,Factory 3,Hybrid
1710,Compact SUV,2025,F3-L1,Factory 3,Hybrid
1711,Pickup Truck,2025,F3-L2,Factory 3,Diesel
1712,Pickup Truck,2025,F3-L2,Factory 3,Diesel
1713,Family SUV,2025,F3-L1,Factory 3,Hybrid
1714,Compact Sedan,2025,F2-L1,Factory 2,Petrol
1715,City Hatchback,2025,F1-L2,Factory 1,Petrol
1716,Compact SUV,2025,F3-L1,Factory 3,Diesel
1717,Electric Crossover,2025,F1-L2,Factory 1,Electric
1718,Compact Sedan,2025,F2-L2,Factory 2,Petrol
1719,Compact SUV,2025,F3-L1,Factory 3,Hybrid
1720,City Hatchback,2025,F1-L2,Factory 1,Petrol
1721,Compact Sedan,2025,F2-L2,Factory 2,Diesel
1722,Family SUV,2025,F3-L2,Factory 3,Diesel
1723,Electric Crossover,2025,F1-L2,Factory 1,Electric
1724,Compact Sedan,2025,F2-L1,Factory 2,Petrol
1725,Compact Sedan,2025,F2-L1,Factory 2,Hybrid
1726,Electric Crossover,2025,F1-L2,Factory 1,Electric
1727,Compact Sedan,2025,F2-L1,Factory 2,Petrol
1728,City Hatchback,2025,F1-L2,Factory 1,Petrol
1729,Compact SUV,2025,F2-L2,Factory 2,Petrol
1730,City Hatchback,2025,F1-L1,Factory 1,Petrol
1731,Compact Sedan,2025,F2-L1,Factory 2,Petrol
1732,Compact Sedan,2025,F2-L2,Factory 2,Petrol
1733,Electric Crossover,2025,F1-L2,Factory 1,Electric
1734,Family SUV,2025,F3-L1,Factory 3,Petrol
1735,City Hatchback,2025,F1-L1,Factory 1,Petrol
1736,Electric Crossover,2025,F1-L2,Factory 1,Electric
1737,Compact Sedan,2025,F2-L1,Factory 2,Petrol
1738,City Hatchback,2025,F1-L2,Factory 1,Petrol
1739,City Hatchback,2025,F1-L1,Factory 1,Petrol
1740,City Hatchback,2025,F1-L2,Factory 1,Petrol
1741,Compact Sedan,2025,F2-L2,Factory 2,Petrol
1742,Compact Sedan,2025,F2-L1,Factory 2,Diesel
1743,Family SUV,2025,F3-L1,Factory 3,Diesel
1744,City Hatchback,2025,F1-L2,Factory 1,Petrol
1745,Compact Sedan,2025,F2-L1,Factory 2,Diesel
1746,City Hatchback,2025,F1-L2,Factory 1,Petrol
1747,Compact SUV,2025,F3-L1,Factory 3,Petrol
1748,Compact Sedan,2025,F2-L2,Factory 2,Petrol
1749,City Hatchback,2025,F1-L2,Factory 1,Petrol
1750,Electric Crossover,2025,F1-L2,Factory 1,Electric
1751,City Hatchback,2025,F1-L1,Factory 1,Petrol
1752,City Hatchback,2025,F1-L1,Factory 1,Petrol
1753,City Hatchback,2025,F1-L1,Factory 1,Diesel
1754,Pickup Truck,2025,F3-L2,Factory 3,Diesel
1755,City Hatchback,2025,F1-L1,Factory 1,Petrol
1756,Family SUV,2025,F3-L1,Factory 3,Diesel
1757,City Hatchback,2025,F1-L1,Factory 1,Diesel
1758,Compact Sedan,2025,F2-L1,Factory 2,Diesel
1759,Family SUV,2025,F3-L1,Factory 3,Diesel
1760,Electric Crossover,2025,F1-L2,Factory 1,Electric
1761,Family SUV,2025,F3-L1,Factory 3,Diesel
1762,Electric Crossover,2025,F1-L2,Factory 1,Electric
1763,City Hatchback,2025,F1-L2,Factory 1,Petrol
1764,Electric Crossover,2025,F1-L2,Factory 1,Electric
1765,Compact Sedan,2025,F2-L1,Factory 2,Diesel
1766,Family SUV,2025,F3-L2,Factory 3,Petrol
1767,Family SUV,2025,F3-L2,Factory 3,Diesel
1768,Pickup Truck,2025,F3-L2,Factory 3,Petrol
1769,Compact SUV,2025,F3-L1,Factory 3,Diesel
1770,Family SUV,2025,F3-L1,Factory 3,Diesel
1771,Compact SUV,2025,F2-L2,Factory 2,Petrol
1772,City Hatchback,2025,F1-L2,Factory 1,Petrol
1773,Compact SUV,2025,F3-L1,Factory 3,Diesel
1774,Family SUV,2025,F3-L1,Factory 3,Hybrid
1775,Electric Crossover,2025,F1-L2,Factory 1,Electric
1776,Family SUV,2025,F3-L1,Factory 3,Petrol
1777,Compact Sedan,2025,F2-L1,Factory 2,Diesel
1778,Pickup Truck,2025,F3-L2,Factory 3,Diesel
1779,Compact SUV,2025,F3-L1,Factory 3,Petrol
1780,Compact SUV,2025,F3-L1,Factory 3,Petrol
1781,Compact SUV,2025,F3-L1,Factory 3,Hybrid
1782,Compact Sedan,2025,F2-L1,Factory 2,Hybrid
1783,Compact SUV,2025,F2-L2,Factory 2,Petrol
1784,Compact SUV,2025,F2-L2,Factory 2,Hybrid
1785,Compact Sedan,2025,F2-L2,Factory 2,Diesel
1786,Family SUV,2025,F3-L1,Factory 3,Hybrid
1787,Compact SUV,2025,F3-L1,Factory 3,Diesel
1788,City Hatchback,2025,F1-L1,Factory 1,Petrol
1789,Compact Sedan,2025,F2-L2,Factory 2,Diesel
1790,Compact SUV,2025,F2-L2,Factory 2,Hybrid
1791,Family SUV,2025,F3-L2,Factory 3,Petrol
1792,Compact SUV,2025,F3-L1,Factory 3,Diesel
1793,City Hatchback,2025,F1-L2,Factory 1,Petrol
1794,Compact Sedan,2025,F2-L2,Factory 2,Hybrid
1795,Compact SUV,2025,F3-L1,Factory 3,Petrol
1796,City Hatchback,2025,F1-L1,Factory 1,Hybrid
1797,Compact Sedan,2025,F2-L2,Factory 2,Diesel
1798,Compact SUV,2025,F3-L1,Factory 3,Hybrid
1799,Compact SUV,2025,F3-L1,Factory 3,Petrol
1800,Compact SUV,2025,F3-L1,Factory 3,Petrol
1801,Family SUV,2025,F3-L1,Factory 3,Diesel
1802,Compact Sedan,2025,F2-L1,Factory 2,Diesel
1803,City Hatchback,2025,F1-L1,Factory 1,Petrol
1804,Family SUV,2025,F3-L1,Factory 3,Diesel
1805,Electric Crossover,2025,F1-L2,Factory 1,Electric
1806,City Hatchback,2025,F1-L1,Factory 1,Petrol
1807,Family SUV,2025,F3-L2,Factory 3,Hybrid
1808,Compact SUV,2025,F2-L2,Factory 2,Hybrid
1809,Compact SUV,2025,F3-L1,Factory 3,Hybrid
1810,Compact Sedan,2025,F2-L2,Factory 2,Petrol
1811,Compact SUV,2025,F2-L2,Factory 2,Hybrid
1812,Electric Crossover,2025,F1-L2,Factory 1,Electric
1813,City Hatchback,2025,F1-L1,Factory 1,Petrol
1814,Family SUV,2025,F3-L1,Factory 3,Petrol
1815,Pickup Truck,2025,F3-L2,Factory 3,Diesel
1816,Compact SUV,2025,F3-L1,Factory 3,Petrol
1817,Compact Sedan,2025,F2-L2,Factory 2,Diesel
1818,City Hatchback,2025,F1-L1,Factory 1,Hybrid
1819,Compact SUV,2025,F2-L2,Factory 2,Hybrid
1820,Compact Sedan,2025,F2-L1,Factory 2,Petrol
1821,City Hatchback,2025,F1-L1,Factory 1,Diesel
1822,Compact SUV,2025,F3-L1,Factory 3,Petrol
1823,Electric Crossover,2025,F1-L2,Factory 1,Electric
1824,Electric Crossover,2025,F1-L2,Factory 1,Electric
1825,City Hatchback,2025,F1-L1,Factory 1,Petrol
1826,Compact Sedan,2025,F2-L1,Factory 2,Petrol
1827,Compact Sedan,2025,F2-L2,Factory 2,Diesel
1828,Family SUV,2025,F3-L2,Factory 3,Petrol
1829,City Hatchback,2025,F1-L1,Factory 1,Petrol
1830,City Hatchback,2025,F1-L2,Factory 1,Petrol
1831,Electric Crossover,2025,F1-L2,Factory 1,Electric
1832,Family SUV,2025,F3-L1,Factory 3,Hybrid
1833,Electric Crossover,2025,F1-L2,Factory 1,Electric
1834,Compact SUV,2025,F2-L2,Factory 2,Hybrid
1835,City Hatchback,2025,F1-L2,Factory 1,Hybrid
1836,City Hatchback,2025,F1-L2,Factory 1,Petrol
1837,Electric Crossover,2025,F1-L2,Factory 1,Electric
1838,Compact SUV,2025,F3-L1,Factory 3,Petrol
1839,Family SUV,2025,F3-L1,Factory 3,Hybrid
1840,City Hatchback,2025,F1-L2,Factory 1,Petrol
1841,Family SUV,2025,F3-L1,Factory 3,Diesel
1842,Compact Sedan,2025,F2-L1,Factory 2,Petrol
1843,Electric Crossover,2025,F1-L2,Factory 1,Electric
1844,City Hatchback,2025,F1-L2,Factory 1,Petrol
1845,Compact SUV,2025,F2-L2,Factory 2,Hybrid
1846,Compact SUV,2025,F2-L2,Factory 2,Petrol
1847,Compact Sedan,2025,F2-L1,Factory 2,Diesel
1848,Compact SUV,2025,F3-L1,Factory 3,Petrol
1849,Family SUV,2025,F3-L1,Factory 3,Diesel
1850,Electric Crossover,2025,F1-L2,Factory 1,Electric
1851,Compact SUV,2025,F2-L2,Factory 2,Petrol
1852,Electric Crossover,2025,F1-L2,Factory 1,Electric
1853,Compact SUV,2025,F2-L2,Factory 2,Petrol
1854,Electric Crossover,2025,F1-L2,Factory 1,Electric
1855,Compact SUV,2025,F3-L1,Factory 3,Diesel
1856,Compact Sedan,2025,F2-L2,Factory 2,Diesel
1857,Compact SUV,2025,F2-L2,Factory 2,Diesel
1858,Compact Sedan,2025,F2-L1,Factory 2,Petrol
1859,Electric Crossover,2025,F1-L2,Factory 1,Electric
1860,City Hatchback,2025,F1-L2,Factory 1,Hybrid
1861,Compact Sedan,2025,F2-L1,Factory 2,Hybrid
1862,Pickup Truck,2025,F3-L2,Factory 3,Diesel
1863,Compact Sedan,2025,F2-L1,Factory 2,Diesel
1864,City Hatchback,2025,F1-L1,Factory 1,Diesel
1865,Pickup Truck,2025,F3-L2,Factory 3,Diesel
1866,Family SUV,2025,F3-L1,Factory 3,Hybrid
1867,Family SUV,2025,F3-L2,Factory 3,Diesel
1868,Compact Sedan,2025,F2-L1,Factory 2,Hybrid
1869,Compact SUV,2025,F3-L1,Factory 3,Diesel
1870,Compact SUV,2025,F2-L2,Factory 2,Diesel
1871,Compact Sedan,2025,F2-L2,Factory 2,Petrol
1872,Compact Sedan,2025,F2-L2,Factory 2,Diesel
1873,Compact Sedan,2025,F2-L1,Factory 2,Hybrid
1874,Compact SUV,2025,F2-L2,Factory 2,Petrol
1875,Compact SUV,2025,F2-L2,Factory 2,Hybrid
1876,Compact SUV,2025,F2-L2,Factory 2,Diesel
1877,Compact Sedan,2025,F2-L1,Factory 2,Diesel
1878,Compact Sedan,2025,F2-L1,Factory 2,Petrol
1879,Compact SUV,2025,F3-L1,Factory 3,Petrol
1880,Compact SUV,2025,F3-L1,Factory 3,Petrol
1881,City Hatchback,2025,F1-L2,Factory 1,Hybrid
1882,City Hatchback,2025,F1-L2,Factory 1,Hybrid
1883,Pickup Truck,2025,F3-L2,Factory 3,Diesel
1884,Electric Crossover,2025,F1-L2,Factory 1,Electric
1885,City Hatchback,2025,F1-L2,Factory 1,Petrol
1886,Electric Crossover,2025,F1-L2,Factory 1,Electric
1887,Compact SUV,2025,F3-L1,Factory 3,Diesel
1888,Family SUV,2025,F3-L2,Factory 3,Hybrid
1889,City Hatchback,2025,F1-L1,Factory 1,Petrol
1890,Family SUV,2025,F3-L2,Factory 3,Hybrid
1891,Electric Crossover,2025,F1-L2,Factory 1,Electric
1892,Compact SUV,2025,F3-L1,Factory 3,Hybrid
1893,Family SUV,2025,F3-L1,Factory 3,Diesel
1894,Compact Sedan,2025,F2-L1,Factory 2,Petrol
1895,Compact Sedan,2025,F2-L1,Factory 2,Hybrid
1896,Family SUV,2025,F3-L1,Factory 3,Diesel
1897,Compact SUV,2025,F2-L2,Factory 2,Hybrid
1898,Compact SUV,2025,F2-L2,Factory 2,Petrol
1899,City Hatchback,2025,F1-L2,Factory 1,Petrol
1900,Compact Sedan,2025,F2-L1,Factory 2,Diesel
1901,Compact SUV,2025,F3-L1,Factory 3,Petrol
1902,Electric Crossover,2025,F1-L2,Factory 1,Electric
1903,Electric Crossover,2025,F1-L2,Factory 1,Electric
1904,Electric Crossover,2025,F1-L2,Factory 1,Electric
1905,Compact SUV,2025,F2-L2,Factory 2,Petrol
1906,Compact Sedan,2025,F2-L1,Factory 2,Hybrid
1907,Compact SUV,2025,F2-L2,Factory 2,Petrol
1908,Electric Crossover,2025,F1-L2,Factory 1,Electric
1909,City Hatchback,2025,F1-L2,Factory 1,Petrol
1910,Compact Sedan,2025,F2-L1,Factory 2,Diesel
1911,Electric Crossover,2025,F1-L2,Factory 1,Electric
1912,Electric Crossover,2025,F1-L2,Factory 1,Electric
1913,Compact SUV,2025,F3-L1,Factory 3,Diesel
1914,Compact Sedan,2025,F2-L1,Factory 2,Diesel
1915,Family SUV,2025,F3-L2,Factory 3,Diesel
1916,City Hatchback,2025,F1-L1,Factory 1,Petrol
1917,Compact SUV,2025,F2-L2,Factory 2,Petrol
1918,Compact SUV,2025,F2-L2,Factory 2,Petrol
1919,Compact Sedan,2025,F2-L2,Factory 2,Petrol
1920,Compact SUV,2025,F2-L2,Factory 2,Hybrid
1921,Compact SUV,2025,F3-L1,Factory 3,Petrol
1922,City Hatchback,2025,F1-L2,Factory 1,Diesel
1923,City Hatchback,2025,F1-L1,Factory 1,Petrol
1924,Compact SUV,2025,F3-L1,Factory 3,Hybrid
1925,Family SUV,2025,F3-L1,Factory 3,Hybrid
1926,Compact Sedan,2025,F2-L2,Factory 2,Diesel
1927,Electric Crossover,2025,F1-L2,Factory 1,Electric
1928,Family SUV,2025,F3-L2,Factory 3,Diesel
1929,City Hatchback,2025,F1-L1,Factory 1,Petrol
1930,Pickup Truck,2025,F3-L2,Factory 3,Diesel
1931,Compact SUV,2025,F3-L1,Factory 3,Diesel
1932,Compact Sedan,2025,F2-L2,Factory 2,Petrol
1933,Compact SUV,2025,F2-L2,Factory 2,Hybrid
1934,Pickup Truck,2025,F3-L2,Factory 3,Diesel
1935,Compact SUV,2025,F2-L2,Factory 2,Diesel
1936,Pickup Truck,2025,F3-L2,Factory 3,Diesel
1937,City Hatchback,2025,F1-L2,Factory 1,Petrol
1938,Family SUV,2025,F3-L1,Factory 3,Hybrid
1939,Compact Sedan,2025,F2-L2,Factory 2,Petrol
1940,Family SUV,2025,F3-L1,Factory 3,Hybrid
1941,Compact SUV,2025,F2-L2,Factory 2,Petrol
1942,Electric Crossover,2025,F1-L2,Factory 1,Electric
1943,Family SUV,2025,F3-L1,Factory 3,Petrol
1944,Electric Crossover,2025,F1-L2,Factory 1,Electric
1945,Electric Crossover,2025,F1-L2,Factory 1,Electric
1946,Compact Sedan,2025,F2-L2,Factory 2,Petrol
1947,Compact SUV,2025,F3-L1,Factory 3,Hybrid
1948,Compact Sedan,2025,F2-L1,Factory 2,Petrol
1949,Compact SUV,2025,F2-L2,Factory 2,Petrol
1950,Compact SUV,2025,F3-L1,Factory 3,Petrol
1951,Family SUV,2025,F3-L1,Factory 3,Petrol
1952,Compact SUV,2025,F3-L1,Factory 3,Hybrid
1953,City Hatchback,2025,F1-L1,Factory 1,Petrol
1954,Electric Crossover,2025,F1-L2,Factory 1,Electric
1955,Compact Sedan,2025,F2-L1,Factory 2,Petrol
1956,Compact SUV,2025,F2-L2,Factory 2,Petrol
1957,Compact SUV,2025,F2-L2,Factory 2,Petrol
1958,City Hatchback,2025,F1-L2,Factory 1,Petrol
1959,City Hatchback,2025,F1-L2,Factory 1,Petrol
1960,Compact Sedan,2025,F2-L1,Factory 2,Diesel
1961,Family SUV,2025,F3-L1,Factory 3,Diesel
1962,Compact Sedan,2025,F2-L1,Factory 2,Diesel
1963,City Hatchback,2025,F1-L1,Factory 1,Petrol
1964,Pickup Truck,2025,F3-L2,Factory 3,Diesel
1965,Pickup Truck,2025,F3-L2,Factory 3,Diesel
1966,Pickup Truck,2025,F3-L2,Factory 3,Diesel
1967,Compact SUV,2025,F2-L2,Factory 2,Diesel
1968,Compact Sedan,2025,F2-L2,Factory 2,Diesel
1969,City Hatchback,2025,F1-L2,Factory 1,Hybrid
1970,City Hatchback,2025,F1-L2,Factory 1,Petrol
1971,City Hatchback,2025,F1-L2,Factory 1,Petrol
1972,Compact Sedan,2025,F2-L1,Factory 2,Petrol
1973,Compact SUV,2025,F3-L1,Factory 3,Petrol
1974,Family SUV,2025,F3-L2,Factory 3,Diesel
1975,City Hatchback,2025,F1-L1,Factory 1,Diesel
1976,Compact Sedan,2025,F2-L2,Factory 2,Petrol
1977,Family SUV,2025,F3-L2,Factory 3,Hybrid
1978,Electric Crossover,2025,F1-L2,Factory 1,Electric
1979,Family SUV,2025,F3-L2,Factory 3,Petrol
1980,Compact Sedan,2025,F2-L1,Factory 2,Diesel
1981,Compact SUV,2025,F3-L1,Factory 3,Petrol
1982,City Hatchback,2025,F1-L2,Factory 1,Petrol
1983,Electric Crossover,2025,F1-L2,Factory 1,Electric
1984,Family SUV,2025,F3-L1,Factory 3,Diesel
1985,Compact SUV,2025,F3-L1,Factory 3,Petrol
1986,Compact Sedan,2025,F2-L1,Factory 2,Petrol
1987,City Hatchback,2025,F1-L1,Factory 1,Petrol
1988,Family SUV,2025,F3-L2,Factory 3,Petrol
1989,Pickup Truck,2025,F3-L2,Factory 3,Diesel
1990,Compact Sedan,2025,F2-L2,Factory 2,Petrol
1991,Compact Sedan,2025,F2-L1,Factory 2,Diesel
1992,Compact SUV,2025,F2-L2,Factory 2,Petrol
1993,Compact SUV,2025,F2-L2,Factory 2,Diesel
1994,Compact SUV,2025,F3-L1,Factory 3,Hybrid
1995,Compact SUV,2025,F3-L1,Factory 3,Petrol
1996,Family SUV,2025,F3-L2,Factory 3,Diesel
1997,City Hatchback,2025,F1-L1,Factory 1,Petrol
1998,Compact Sedan,2025,F2-L1,Factory 2,Petrol
1999,Compact SUV,2025,F2-L2,Factory 2,Diesel
2000,Compact SUV,2025,F2-L2,Factory 2,Diesel
